Logdir logdir\m2fix_exp1_delta_full_s0
Create envs.
Simulate agent.
Encoder CNN shapes: {}
Encoder MLP shapes: {'symbolic': (147,)}
Decoder CNN shapes: {}
Decoder MLP shapes: {'symbolic': (147,)}
        39,632: rssm
       146,181: actor
       210,431: value
        78,335: reward
        13,057: cont
       170,240: encoder
       182,675: decoder
Optimizer has: 840551 parameters.
Evaluating the policy...
[0] episode/eval_score 0.0 / episode/eval_length 360.0
[23] episode/score 0.9 / episode/length 23.0
[40] episode/score 1.0 / episode/length 17.0
[55] episode/score 1.0 / episode/length 15.0
[66] train/opt/updates 0.0 / fps/fps 0.0
[71] episode/score 1.0 / episode/length 16.0
[86] episode/score 1.0 / episode/length 15.0
[96] episode/score 1.0 / episode/length 10.0
[117] episode/score 0.9 / episode/length 21.0
[132] episode/score 1.0 / episode/length 15.0
[146] episode/score 1.0 / episode/length 14.0
[158] episode/score 1.0 / episode/length 12.0
[181] episode/score 0.9 / episode/length 23.0
[196] episode/score 1.0 / episode/length 15.0
[212] episode/score 1.0 / episode/length 16.0
[229] episode/score 1.0 / episode/length 17.0
[245] episode/score 1.0 / episode/length 16.0
[261] episode/score 1.0 / episode/length 16.0
[284] episode/score 0.9 / episode/length 23.0
[293] episode/score 1.0 / episode/length 9.0
[317] episode/score 0.9 / episode/length 24.0
[334] episode/score 1.0 / episode/length 17.0
[352] episode/score 1.0 / episode/length 18.0
[374] episode/score 0.9 / episode/length 22.0
[383] episode/score 1.0 / episode/length 9.0
[415] episode/score 0.9 / episode/length 32.0
[424] episode/score 1.0 / episode/length 9.0
[443] episode/score 1.0 / episode/length 19.0
[462] episode/score 1.0 / episode/length 19.0
[481] episode/score 1.0 / episode/length 19.0
[500] episode/score 1.0 / episode/length 19.0
[518] episode/score 1.0 / episode/length 18.0
[532] episode/score 1.0 / episode/length 14.0
[547] episode/score 1.0 / episode/length 15.0
[557] episode/score 1.0 / episode/length 10.0
[579] episode/score 0.9 / episode/length 22.0
[597] episode/score 1.0 / episode/length 18.0
[619] episode/score 0.9 / episode/length 22.0
[638] episode/score 1.0 / episode/length 19.0
[657] episode/score 1.0 / episode/length 19.0
[672] episode/score 1.0 / episode/length 15.0
[686] episode/score 1.0 / episode/length 14.0
[706] episode/score 0.9 / episode/length 20.0
[719] episode/score 1.0 / episode/length 13.0
[744] episode/score 0.9 / episode/length 25.0
[761] episode/score 1.0 / episode/length 17.0
[772] episode/score 1.0 / episode/length 11.0
[787] episode/score 1.0 / episode/length 15.0
[801] episode/score 1.0 / episode/length 14.0
[813] episode/score 1.0 / episode/length 12.0
[822] episode/score 1.0 / episode/length 9.0
[849] episode/score 0.9 / episode/length 27.0
[863] episode/score 1.0 / episode/length 14.0
[876] episode/score 1.0 / episode/length 13.0
[886] episode/score 1.0 / episode/length 10.0
[899] episode/score 1.0 / episode/length 13.0
[911] episode/score 1.0 / episode/length 12.0
[931] episode/score 0.9 / episode/length 20.0
[949] episode/score 1.0 / episode/length 18.0
[963] episode/score 1.0 / episode/length 14.0
[980] episode/score 1.0 / episode/length 17.0
[996] episode/score 1.0 / episode/length 16.0
[1011] episode/score 1.0 / episode/length 15.0
[1025] episode/score 1.0 / episode/length 14.0
[1040] episode/score 1.0 / episode/length 15.0
[1058] episode/score 1.0 / episode/length 18.0
[1089] episode/score 0.9 / episode/length 31.0
[1104] episode/score 1.0 / episode/length 15.0
[1123] episode/score 1.0 / episode/length 19.0
[1139] episode/score 1.0 / episode/length 16.0
[1157] episode/score 1.0 / episode/length 18.0
[1178] episode/score 0.9 / episode/length 21.0
[1194] episode/score 1.0 / episode/length 16.0
[1209] episode/score 1.0 / episode/length 15.0
[1226] episode/score 1.0 / episode/length 17.0
[1240] episode/score 1.0 / episode/length 14.0
[1256] episode/score 1.0 / episode/length 16.0
[1270] episode/score 1.0 / episode/length 14.0
[1285] episode/score 1.0 / episode/length 15.0
[1296] episode/score 1.0 / episode/length 11.0
[1308] episode/score 1.0 / episode/length 12.0
[1327] episode/score 1.0 / episode/length 19.0
[1346] episode/score 1.0 / episode/length 19.0
[1363] episode/score 1.0 / episode/length 17.0
[1372] episode/score 1.0 / episode/length 9.0
[1388] episode/score 1.0 / episode/length 16.0
[1402] episode/score 1.0 / episode/length 14.0
[1412] episode/score 1.0 / episode/length 10.0
[1425] episode/score 1.0 / episode/length 13.0
[1442] episode/score 1.0 / episode/length 17.0
[1461] episode/score 1.0 / episode/length 19.0
[1477] episode/score 1.0 / episode/length 16.0
[1499] episode/score 0.9 / episode/length 22.0
[1508] episode/score 1.0 / episode/length 9.0
[1522] episode/score 1.0 / episode/length 14.0
[1541] episode/score 1.0 / episode/length 19.0
[1563] episode/score 0.9 / episode/length 22.0
[1580] episode/score 1.0 / episode/length 17.0
[1596] episode/score 1.0 / episode/length 16.0
[1613] episode/score 1.0 / episode/length 17.0
[1631] episode/score 1.0 / episode/length 18.0
[1643] episode/score 1.0 / episode/length 12.0
[1655] episode/score 1.0 / episode/length 12.0
[1670] episode/score 1.0 / episode/length 15.0
[1680] episode/score 1.0 / episode/length 10.0
[1698] episode/score 1.0 / episode/length 18.0
[1718] episode/score 0.9 / episode/length 20.0
[1741] episode/score 0.9 / episode/length 23.0
[1759] episode/score 1.0 / episode/length 18.0
[1780] episode/score 0.9 / episode/length 21.0
[1793] episode/score 1.0 / episode/length 13.0
[1804] episode/score 1.0 / episode/length 11.0
[1824] episode/score 0.9 / episode/length 20.0
[1847] episode/score 0.9 / episode/length 23.0
[1862] episode/score 1.0 / episode/length 15.0
[1878] episode/score 1.0 / episode/length 16.0
[1896] episode/score 1.0 / episode/length 18.0
[1913] episode/score 1.0 / episode/length 17.0
[1925] episode/score 1.0 / episode/length 12.0
[1940] episode/score 1.0 / episode/length 15.0
[1955] episode/score 1.0 / episode/length 15.0
[1965] episode/score 1.0 / episode/length 10.0
[1980] episode/score 1.0 / episode/length 15.0
[1990] episode/score 1.0 / episode/length 10.0
[2008] episode/score 1.0 / episode/length 18.0
[2017] episode/score 1.0 / episode/length 9.0
[2033] episode/score 1.0 / episode/length 16.0
[2048] episode/score 1.0 / episode/length 15.0
[2060] episode/score 1.0 / episode/length 12.0
[2073] episode/score 1.0 / episode/length 13.0
[2090] episode/score 1.0 / episode/length 17.0
[2110] episode/score 0.9 / episode/length 20.0
[2124] episode/score 1.0 / episode/length 14.0
[2135] episode/score 1.0 / episode/length 11.0
[2147] episode/score 1.0 / episode/length 12.0
[2160] episode/score 1.0 / episode/length 13.0
[2176] episode/score 1.0 / episode/length 16.0
[2189] episode/score 1.0 / episode/length 13.0
[2202] episode/score 1.0 / episode/length 13.0
[2219] episode/score 1.0 / episode/length 17.0
[2238] episode/score 1.0 / episode/length 19.0
[2256] episode/score 1.0 / episode/length 18.0
[2271] episode/score 1.0 / episode/length 15.0
[2289] episode/score 1.0 / episode/length 18.0
[2303] episode/score 1.0 / episode/length 14.0
[2318] episode/score 1.0 / episode/length 15.0
[2335] episode/score 1.0 / episode/length 17.0
[2353] episode/score 1.0 / episode/length 18.0
[2379] episode/score 0.9 / episode/length 26.0
[2407] episode/score 0.9 / episode/length 28.0
[2423] episode/score 1.0 / episode/length 16.0
[2442] episode/score 1.0 / episode/length 19.0
[2464] episode/score 0.9 / episode/length 22.0
[2483] episode/score 1.0 / episode/length 19.0
[2497] episode/score 1.0 / episode/length 14.0
[2513] episode/score 1.0 / episode/length 16.0
[2526] episode/score 1.0 / episode/length 13.0
[2542] episode/score 1.0 / episode/length 16.0
[2553] episode/score 1.0 / episode/length 11.0
[2571] episode/score 1.0 / episode/length 18.0
[2588] episode/score 1.0 / episode/length 17.0
[2614] episode/score 0.9 / episode/length 26.0
[2623] episode/score 1.0 / episode/length 9.0
[2640] episode/score 1.0 / episode/length 17.0
[2655] episode/score 1.0 / episode/length 15.0
[2670] episode/score 1.0 / episode/length 15.0
[2681] episode/score 1.0 / episode/length 11.0
[2697] episode/score 1.0 / episode/length 16.0
[2718] episode/score 0.9 / episode/length 21.0
[2732] episode/score 1.0 / episode/length 14.0
[2745] episode/score 1.0 / episode/length 13.0
[2755] episode/score 1.0 / episode/length 10.0
[2767] episode/score 1.0 / episode/length 12.0
[2783] episode/score 1.0 / episode/length 16.0
[2803] episode/score 0.9 / episode/length 20.0
[2815] episode/score 1.0 / episode/length 12.0
[2831] episode/score 1.0 / episode/length 16.0
[2846] episode/score 1.0 / episode/length 15.0
[2862] episode/score 1.0 / episode/length 16.0
[2874] episode/score 1.0 / episode/length 12.0
[2886] episode/score 1.0 / episode/length 12.0
[2898] episode/score 1.0 / episode/length 12.0
[2911] episode/score 1.0 / episode/length 13.0
[2925] episode/score 1.0 / episode/length 14.0
[2942] episode/score 1.0 / episode/length 17.0
[2958] episode/score 1.0 / episode/length 16.0
[2974] episode/score 1.0 / episode/length 16.0
[2995] episode/score 0.9 / episode/length 21.0
[3013] episode/score 1.0 / episode/length 18.0
[3032] episode/score 1.0 / episode/length 19.0
[3048] episode/score 1.0 / episode/length 16.0
[3083] episode/score 0.9 / episode/length 35.0
[3094] episode/score 1.0 / episode/length 11.0
[3114] episode/score 0.9 / episode/length 20.0
[3135] episode/score 0.9 / episode/length 21.0
[3151] episode/score 1.0 / episode/length 16.0
[3173] episode/score 0.9 / episode/length 22.0
[3191] episode/score 1.0 / episode/length 18.0
[3207] episode/score 1.0 / episode/length 16.0
[3226] episode/score 1.0 / episode/length 19.0
[3239] episode/score 1.0 / episode/length 13.0
[3257] episode/score 1.0 / episode/length 18.0
[3274] episode/score 1.0 / episode/length 17.0
[3295] episode/score 0.9 / episode/length 21.0
[3311] episode/score 1.0 / episode/length 16.0
[3335] episode/score 0.9 / episode/length 24.0
[3344] episode/score 1.0 / episode/length 9.0
[3361] episode/score 1.0 / episode/length 17.0
[3370] episode/score 1.0 / episode/length 9.0
[3381] episode/score 1.0 / episode/length 11.0
[3393] episode/score 1.0 / episode/length 12.0
[3401] episode/score 1.0 / episode/length 8.0
[3414] episode/score 1.0 / episode/length 13.0
[3426] episode/score 1.0 / episode/length 12.0
[3444] episode/score 1.0 / episode/length 18.0
[3455] episode/score 1.0 / episode/length 11.0
[3465] episode/score 1.0 / episode/length 10.0
[3479] episode/score 1.0 / episode/length 14.0
[3494] episode/score 1.0 / episode/length 15.0
[3513] episode/score 1.0 / episode/length 19.0
[3528] episode/score 1.0 / episode/length 15.0
[3542] episode/score 1.0 / episode/length 14.0
[3562] episode/score 0.9 / episode/length 20.0
[3572] episode/score 1.0 / episode/length 10.0
[3592] episode/score 0.9 / episode/length 20.0
[3609] episode/score 1.0 / episode/length 17.0
[3622] episode/score 1.0 / episode/length 13.0
[3637] episode/score 1.0 / episode/length 15.0
[3656] episode/score 1.0 / episode/length 19.0
[3670] episode/score 1.0 / episode/length 14.0
[3682] episode/score 1.0 / episode/length 12.0
[3703] episode/score 0.9 / episode/length 21.0
[3718] episode/score 1.0 / episode/length 15.0
[3733] episode/score 1.0 / episode/length 15.0
[3745] episode/score 1.0 / episode/length 12.0
[3759] episode/score 1.0 / episode/length 14.0
[3773] episode/score 1.0 / episode/length 14.0
[3787] episode/score 1.0 / episode/length 14.0
[3800] episode/score 1.0 / episode/length 13.0
[3820] episode/score 0.9 / episode/length 20.0
[3835] episode/score 1.0 / episode/length 15.0
[3849] episode/score 1.0 / episode/length 14.0
[3858] episode/score 1.0 / episode/length 9.0
[3869] episode/score 1.0 / episode/length 11.0
[3891] episode/score 0.9 / episode/length 22.0
[3905] episode/score 1.0 / episode/length 14.0
[3919] episode/score 1.0 / episode/length 14.0
[3939] episode/score 0.9 / episode/length 20.0
[3952] episode/score 1.0 / episode/length 13.0
[3964] episode/score 1.0 / episode/length 12.0
[3984] episode/score 0.9 / episode/length 20.0
[3995] episode/score 1.0 / episode/length 11.0
[4008] episode/score 1.0 / episode/length 13.0
[4019] episode/score 1.0 / episode/length 11.0
[4036] episode/score 1.0 / episode/length 17.0
[4053] episode/score 1.0 / episode/length 17.0
[4076] episode/score 0.9 / episode/length 23.0
[4097] episode/score 0.9 / episode/length 21.0
[4113] episode/score 1.0 / episode/length 16.0
[4132] episode/score 1.0 / episode/length 19.0
[4150] episode/score 1.0 / episode/length 18.0
[4170] episode/score 0.9 / episode/length 20.0
[4182] episode/score 1.0 / episode/length 12.0
[4199] episode/score 1.0 / episode/length 17.0
[4214] episode/score 1.0 / episode/length 15.0
[4233] episode/score 1.0 / episode/length 19.0
[4250] episode/score 1.0 / episode/length 17.0
[4269] episode/score 1.0 / episode/length 19.0
[4283] episode/score 1.0 / episode/length 14.0
[4306] episode/score 0.9 / episode/length 23.0
[4319] episode/score 1.0 / episode/length 13.0
[4329] episode/score 1.0 / episode/length 10.0
[4345] episode/score 1.0 / episode/length 16.0
[4362] episode/score 1.0 / episode/length 17.0
[4373] episode/score 1.0 / episode/length 11.0
[4390] episode/score 1.0 / episode/length 17.0
[4399] episode/score 1.0 / episode/length 9.0
[4413] episode/score 1.0 / episode/length 14.0
[4429] episode/score 1.0 / episode/length 16.0
[4453] episode/score 0.9 / episode/length 24.0
[4465] episode/score 1.0 / episode/length 12.0
[4484] episode/score 1.0 / episode/length 19.0
[4497] episode/score 1.0 / episode/length 13.0
[4510] episode/score 1.0 / episode/length 13.0
[4523] episode/score 1.0 / episode/length 13.0
[4538] episode/score 1.0 / episode/length 15.0
[4553] episode/score 1.0 / episode/length 15.0
[4565] episode/score 1.0 / episode/length 12.0
[4578] episode/score 1.0 / episode/length 13.0
[4591] episode/score 1.0 / episode/length 13.0
[4607] episode/score 1.0 / episode/length 16.0
[4627] episode/score 0.9 / episode/length 20.0
[4646] episode/score 1.0 / episode/length 19.0
[4660] episode/score 1.0 / episode/length 14.0
[4676] episode/score 1.0 / episode/length 16.0
[4694] episode/score 1.0 / episode/length 18.0
[4709] episode/score 1.0 / episode/length 15.0
[4719] episode/score 1.0 / episode/length 10.0
[4731] episode/score 1.0 / episode/length 12.0
[4746] episode/score 1.0 / episode/length 15.0
[4766] episode/score 0.9 / episode/length 20.0
[4780] episode/score 1.0 / episode/length 14.0
[4793] episode/score 1.0 / episode/length 13.0
[4810] episode/score 1.0 / episode/length 17.0
[4826] episode/score 1.0 / episode/length 16.0
[4849] episode/score 0.9 / episode/length 23.0
[4864] episode/score 1.0 / episode/length 15.0
[4877] episode/score 1.0 / episode/length 13.0
[4894] episode/score 1.0 / episode/length 17.0
[4905] episode/score 1.0 / episode/length 11.0
[4923] episode/score 1.0 / episode/length 18.0
[4933] episode/score 1.0 / episode/length 10.0
[4948] episode/score 1.0 / episode/length 15.0
[4962] episode/score 1.0 / episode/length 14.0
[4984] episode/score 0.9 / episode/length 22.0
[5006] episode/score 0.9 / episode/length 22.0
[5018] episode/score 1.0 / episode/length 12.0
[5036] episode/score 1.0 / episode/length 18.0
[5054] episode/score 1.0 / episode/length 18.0
[5066] train/ndnf_delta 0.1 / train/dyn_entropy 9.3 / train/rep_entropy 10.3 / train/act_entropy_coef 0.0 / train/ret 0.0 / train/ret_005 0.0 / train/ret_095 0.0 / train/adv 0.0 / train/adv_std 0.0 / train/con 0.5 / train/rew 0.0 / train/val 0.0 / train/tar 0.0 / train/slowval 0.0 / train/weight 0.1 / train/action_entropy 1.6 / train/action_mean 0.2 / train/action_std 0.4 / train/action_min 0.0 / train/action_max 1.0 / train/ret_replay_mean 0.6 / train/ret_replay_std 0.3 / train/ret_replay_min 0.0 / train/ret_replay_max 1.0 / train/value_replay_mean 0.0 / train/value_replay_std 0.0 / train/value_replay_min 0.0 / train/value_replay_max 0.0 / train/slow_value_replay_mean 0.0 / train/slow_value_replay_std 0.0 / train/slow_value_replay_min 0.0 / train/slow_value_replay_max 0.0 / train/loss/dyn 1.2 / train/loss/rep 1.2 / train/loss/ground 0.8 / train/loss/ndnf_aux 0.5 / train/loss/symbolic 33.3 / train/loss/rew 5.4 / train/loss/con 0.7 / train/loss/policy -0.0 / train/loss/value 0.7 / train/loss/repval 10.0 / train/opt/loss 45.2 / train/opt/lr 0.0 / train/opt/grad_scale 8192.0 / train/opt/updates 157.0 / fps/fps 49.2
[5066] episode/score 1.0 / episode/length 12.0
[5077] episode/score 1.0 / episode/length 11.0
[5099] episode/score 0.9 / episode/length 22.0
[5118] episode/score 1.0 / episode/length 19.0
[5130] episode/score 1.0 / episode/length 12.0
[5154] episode/score 0.9 / episode/length 24.0
[5174] episode/score 0.9 / episode/length 20.0
[5192] episode/score 1.0 / episode/length 18.0
[5204] episode/score 1.0 / episode/length 12.0
[5226] episode/score 0.9 / episode/length 22.0
[5242] episode/score 1.0 / episode/length 16.0
[5263] episode/score 0.9 / episode/length 21.0
[5276] episode/score 1.0 / episode/length 13.0
[5296] episode/score 0.9 / episode/length 20.0
[5308] episode/score 1.0 / episode/length 12.0
[5320] episode/score 1.0 / episode/length 12.0
[5331] episode/score 1.0 / episode/length 11.0
[5349] episode/score 1.0 / episode/length 18.0
[5364] episode/score 1.0 / episode/length 15.0
[5383] episode/score 1.0 / episode/length 19.0
[5397] episode/score 1.0 / episode/length 14.0
[5410] episode/score 1.0 / episode/length 13.0
[5425] episode/score 1.0 / episode/length 15.0
[5439] episode/score 1.0 / episode/length 14.0
[5453] episode/score 1.0 / episode/length 14.0
[5466] episode/score 1.0 / episode/length 13.0
[5479] episode/score 1.0 / episode/length 13.0
[5495] episode/score 1.0 / episode/length 16.0
[5504] episode/score 1.0 / episode/length 9.0
[5520] episode/score 1.0 / episode/length 16.0
[5532] episode/score 1.0 / episode/length 12.0
[5544] episode/score 1.0 / episode/length 12.0
[5562] episode/score 1.0 / episode/length 18.0
[5578] episode/score 1.0 / episode/length 16.0
[5591] episode/score 1.0 / episode/length 13.0
[5606] episode/score 1.0 / episode/length 15.0
[5620] episode/score 1.0 / episode/length 14.0
[5634] episode/score 1.0 / episode/length 14.0
[5650] episode/score 1.0 / episode/length 16.0
[5666] episode/score 1.0 / episode/length 16.0
[5677] episode/score 1.0 / episode/length 11.0
[5691] episode/score 1.0 / episode/length 14.0
[5714] episode/score 0.9 / episode/length 23.0
[5733] episode/score 1.0 / episode/length 19.0
[5745] episode/score 1.0 / episode/length 12.0
[5769] episode/score 0.9 / episode/length 24.0
[5781] episode/score 1.0 / episode/length 12.0
[5796] episode/score 1.0 / episode/length 15.0
[5811] episode/score 1.0 / episode/length 15.0
[5825] episode/score 1.0 / episode/length 14.0
[5835] episode/score 1.0 / episode/length 10.0
[5851] episode/score 1.0 / episode/length 16.0
[5865] episode/score 1.0 / episode/length 14.0
[5877] episode/score 1.0 / episode/length 12.0
[5891] episode/score 1.0 / episode/length 14.0
[5911] episode/score 0.9 / episode/length 20.0
[5928] episode/score 1.0 / episode/length 17.0
[5940] episode/score 1.0 / episode/length 12.0
[5958] episode/score 1.0 / episode/length 18.0
[5970] episode/score 1.0 / episode/length 12.0
[5982] episode/score 1.0 / episode/length 12.0
[5994] episode/score 1.0 / episode/length 12.0
[6010] episode/score 1.0 / episode/length 16.0
[6032] episode/score 0.9 / episode/length 22.0
[6047] episode/score 1.0 / episode/length 15.0
[6064] episode/score 1.0 / episode/length 17.0
[6078] episode/score 1.0 / episode/length 14.0
[6091] episode/score 1.0 / episode/length 13.0
[6105] episode/score 1.0 / episode/length 14.0
[6118] episode/score 1.0 / episode/length 13.0
[6128] episode/score 1.0 / episode/length 10.0
[6147] episode/score 1.0 / episode/length 19.0
[6159] episode/score 1.0 / episode/length 12.0
[6171] episode/score 1.0 / episode/length 12.0
[6190] episode/score 1.0 / episode/length 19.0
[6202] episode/score 1.0 / episode/length 12.0
[6218] episode/score 1.0 / episode/length 16.0
[6227] episode/score 1.0 / episode/length 9.0
[6241] episode/score 1.0 / episode/length 14.0
[6260] episode/score 1.0 / episode/length 19.0
[6273] episode/score 1.0 / episode/length 13.0
[6285] episode/score 1.0 / episode/length 12.0
[6297] episode/score 1.0 / episode/length 12.0
[6316] episode/score 1.0 / episode/length 19.0
[6337] episode/score 0.9 / episode/length 21.0
[6355] episode/score 1.0 / episode/length 18.0
[6369] episode/score 1.0 / episode/length 14.0
[6383] episode/score 1.0 / episode/length 14.0
[6392] episode/score 1.0 / episode/length 9.0
[6404] episode/score 1.0 / episode/length 12.0
[6421] episode/score 1.0 / episode/length 17.0
[6434] episode/score 1.0 / episode/length 13.0
[6460] episode/score 0.9 / episode/length 26.0
[6474] episode/score 1.0 / episode/length 14.0
[6492] episode/score 1.0 / episode/length 18.0
[6508] episode/score 1.0 / episode/length 16.0
[6538] episode/score 0.9 / episode/length 30.0
[6559] episode/score 0.9 / episode/length 21.0
[6573] episode/score 1.0 / episode/length 14.0
[6584] episode/score 1.0 / episode/length 11.0
[6599] episode/score 1.0 / episode/length 15.0
[6617] episode/score 1.0 / episode/length 18.0
[6637] episode/score 0.9 / episode/length 20.0
[6650] episode/score 1.0 / episode/length 13.0
[6664] episode/score 1.0 / episode/length 14.0
[6675] episode/score 1.0 / episode/length 11.0
[6696] episode/score 0.9 / episode/length 21.0
[6711] episode/score 1.0 / episode/length 15.0
[6723] episode/score 1.0 / episode/length 12.0
[6742] episode/score 1.0 / episode/length 19.0
[6758] episode/score 1.0 / episode/length 16.0
[6773] episode/score 1.0 / episode/length 15.0
[6790] episode/score 1.0 / episode/length 17.0
[6811] episode/score 0.9 / episode/length 21.0
[6829] episode/score 1.0 / episode/length 18.0
[6840] episode/score 1.0 / episode/length 11.0
[6850] episode/score 1.0 / episode/length 10.0
[6861] episode/score 1.0 / episode/length 11.0
[6878] episode/score 1.0 / episode/length 17.0
[6900] episode/score 0.9 / episode/length 22.0
[6912] episode/score 1.0 / episode/length 12.0
[6927] episode/score 1.0 / episode/length 15.0
[6937] episode/score 1.0 / episode/length 10.0
[6958] episode/score 0.9 / episode/length 21.0
[6969] episode/score 1.0 / episode/length 11.0
[6985] episode/score 1.0 / episode/length 16.0
[7004] episode/score 1.0 / episode/length 19.0
[7015] episode/score 1.0 / episode/length 11.0
[7032] episode/score 1.0 / episode/length 17.0
[7042] episode/score 1.0 / episode/length 10.0
[7053] episode/score 1.0 / episode/length 11.0
[7065] episode/score 1.0 / episode/length 12.0
[7076] episode/score 1.0 / episode/length 11.0
[7086] episode/score 1.0 / episode/length 10.0
[7101] episode/score 1.0 / episode/length 15.0
[7119] episode/score 1.0 / episode/length 18.0
[7140] episode/score 0.9 / episode/length 21.0
[7157] episode/score 1.0 / episode/length 17.0
[7178] episode/score 0.9 / episode/length 21.0
[7195] episode/score 1.0 / episode/length 17.0
[7209] episode/score 1.0 / episode/length 14.0
[7221] episode/score 1.0 / episode/length 12.0
[7236] episode/score 1.0 / episode/length 15.0
[7248] episode/score 1.0 / episode/length 12.0
[7263] episode/score 1.0 / episode/length 15.0
[7293] episode/score 0.9 / episode/length 30.0
[7314] episode/score 0.9 / episode/length 21.0
[7329] episode/score 1.0 / episode/length 15.0
[7343] episode/score 1.0 / episode/length 14.0
[7366] episode/score 0.9 / episode/length 23.0
[7383] episode/score 1.0 / episode/length 17.0
[7402] episode/score 1.0 / episode/length 19.0
[7413] episode/score 1.0 / episode/length 11.0
[7432] episode/score 1.0 / episode/length 19.0
[7450] episode/score 1.0 / episode/length 18.0
[7466] episode/score 1.0 / episode/length 16.0
[7479] episode/score 1.0 / episode/length 13.0
[7492] episode/score 1.0 / episode/length 13.0
[7505] episode/score 1.0 / episode/length 13.0
[7521] episode/score 1.0 / episode/length 16.0
[7538] episode/score 1.0 / episode/length 17.0
[7549] episode/score 1.0 / episode/length 11.0
[7561] episode/score 1.0 / episode/length 12.0
[7575] episode/score 1.0 / episode/length 14.0
[7587] episode/score 1.0 / episode/length 12.0
[7601] episode/score 1.0 / episode/length 14.0
[7616] episode/score 1.0 / episode/length 15.0
[7630] episode/score 1.0 / episode/length 14.0
[7645] episode/score 1.0 / episode/length 15.0
[7666] episode/score 0.9 / episode/length 21.0
[7677] episode/score 1.0 / episode/length 11.0
[7693] episode/score 1.0 / episode/length 16.0
[7711] episode/score 1.0 / episode/length 18.0
[7722] episode/score 1.0 / episode/length 11.0
[7739] episode/score 1.0 / episode/length 17.0
[7751] episode/score 1.0 / episode/length 12.0
[7768] episode/score 1.0 / episode/length 17.0
[7791] episode/score 0.9 / episode/length 23.0
[7811] episode/score 0.9 / episode/length 20.0
[7829] episode/score 1.0 / episode/length 18.0
[7844] episode/score 1.0 / episode/length 15.0
[7854] episode/score 1.0 / episode/length 10.0
[7873] episode/score 1.0 / episode/length 19.0
[7886] episode/score 1.0 / episode/length 13.0
[7900] episode/score 1.0 / episode/length 14.0
[7921] episode/score 0.9 / episode/length 21.0
[7935] episode/score 1.0 / episode/length 14.0
[7961] episode/score 0.9 / episode/length 26.0
[7974] episode/score 1.0 / episode/length 13.0
[7994] episode/score 0.9 / episode/length 20.0
[8006] episode/score 1.0 / episode/length 12.0
[8019] episode/score 1.0 / episode/length 13.0
[8034] episode/score 1.0 / episode/length 15.0
[8047] episode/score 1.0 / episode/length 13.0
[8065] episode/score 1.0 / episode/length 18.0
[8084] episode/score 1.0 / episode/length 19.0
[8099] episode/score 1.0 / episode/length 15.0
[8110] episode/score 1.0 / episode/length 11.0
[8129] episode/score 1.0 / episode/length 19.0
[8139] episode/score 1.0 / episode/length 10.0
[8160] episode/score 0.9 / episode/length 21.0
[8178] episode/score 1.0 / episode/length 18.0
[8199] episode/score 0.9 / episode/length 21.0
[8216] episode/score 1.0 / episode/length 17.0
[8227] episode/score 1.0 / episode/length 11.0
[8240] episode/score 1.0 / episode/length 13.0
[8251] episode/score 1.0 / episode/length 11.0
[8266] episode/score 1.0 / episode/length 15.0
[8284] episode/score 1.0 / episode/length 18.0
[8297] episode/score 1.0 / episode/length 13.0
[8308] episode/score 1.0 / episode/length 11.0
[8324] episode/score 1.0 / episode/length 16.0
[8341] episode/score 1.0 / episode/length 17.0
[8359] episode/score 1.0 / episode/length 18.0
[8376] episode/score 1.0 / episode/length 17.0
[8386] episode/score 1.0 / episode/length 10.0
[8414] episode/score 0.9 / episode/length 28.0
[8428] episode/score 1.0 / episode/length 14.0
[8440] episode/score 1.0 / episode/length 12.0
[8459] episode/score 1.0 / episode/length 19.0
[8475] episode/score 1.0 / episode/length 16.0
[8484] episode/score 1.0 / episode/length 9.0
[8498] episode/score 1.0 / episode/length 14.0
[8519] episode/score 0.9 / episode/length 21.0
[8532] episode/score 1.0 / episode/length 13.0
[8549] episode/score 1.0 / episode/length 17.0
[8569] episode/score 0.9 / episode/length 20.0
[8584] episode/score 1.0 / episode/length 15.0
[8598] episode/score 1.0 / episode/length 14.0
[8617] episode/score 1.0 / episode/length 19.0
[8632] episode/score 1.0 / episode/length 15.0
[8649] episode/score 1.0 / episode/length 17.0
[8668] episode/score 1.0 / episode/length 19.0
[8682] episode/score 1.0 / episode/length 14.0
[8701] episode/score 1.0 / episode/length 19.0
[8721] episode/score 0.9 / episode/length 20.0
[8742] episode/score 0.9 / episode/length 21.0
[8761] episode/score 1.0 / episode/length 19.0
[8771] episode/score 1.0 / episode/length 10.0
[8784] episode/score 1.0 / episode/length 13.0
[8797] episode/score 1.0 / episode/length 13.0
[8814] episode/score 1.0 / episode/length 17.0
[8831] episode/score 1.0 / episode/length 17.0
[8846] episode/score 1.0 / episode/length 15.0
[8861] episode/score 1.0 / episode/length 15.0
[8871] episode/score 1.0 / episode/length 10.0
[8885] episode/score 1.0 / episode/length 14.0
[8902] episode/score 1.0 / episode/length 17.0
[8913] episode/score 1.0 / episode/length 11.0
[8933] episode/score 0.9 / episode/length 20.0
[8951] episode/score 1.0 / episode/length 18.0
[8962] episode/score 1.0 / episode/length 11.0
[8975] episode/score 1.0 / episode/length 13.0
[8991] episode/score 1.0 / episode/length 16.0
[9010] episode/score 1.0 / episode/length 19.0
[9023] episode/score 1.0 / episode/length 13.0
[9039] episode/score 1.0 / episode/length 16.0
[9052] episode/score 1.0 / episode/length 13.0
[9067] episode/score 1.0 / episode/length 15.0
[9077] episode/score 1.0 / episode/length 10.0
[9096] episode/score 1.0 / episode/length 19.0
[9108] episode/score 1.0 / episode/length 12.0
[9126] episode/score 1.0 / episode/length 18.0
[9143] episode/score 1.0 / episode/length 17.0
[9163] episode/score 0.9 / episode/length 20.0
[9179] episode/score 1.0 / episode/length 16.0
[9189] episode/score 1.0 / episode/length 10.0
[9205] episode/score 1.0 / episode/length 16.0
[9213] episode/score 1.0 / episode/length 8.0
[9228] episode/score 1.0 / episode/length 15.0
[9253] episode/score 0.9 / episode/length 25.0
[9273] episode/score 0.9 / episode/length 20.0
[9288] episode/score 1.0 / episode/length 15.0
[9301] episode/score 1.0 / episode/length 13.0
[9316] episode/score 1.0 / episode/length 15.0
[9328] episode/score 1.0 / episode/length 12.0
[9346] episode/score 1.0 / episode/length 18.0
[9367] episode/score 0.9 / episode/length 21.0
[9380] episode/score 1.0 / episode/length 13.0
[9395] episode/score 1.0 / episode/length 15.0
[9410] episode/score 1.0 / episode/length 15.0
[9425] episode/score 1.0 / episode/length 15.0
[9446] episode/score 0.9 / episode/length 21.0
[9460] episode/score 1.0 / episode/length 14.0
[9480] episode/score 0.9 / episode/length 20.0
[9495] episode/score 1.0 / episode/length 15.0
[9506] episode/score 1.0 / episode/length 11.0
[9521] episode/score 1.0 / episode/length 15.0
[9541] episode/score 0.9 / episode/length 20.0
[9557] episode/score 1.0 / episode/length 16.0
[9573] episode/score 1.0 / episode/length 16.0
[9591] episode/score 1.0 / episode/length 18.0
[9608] episode/score 1.0 / episode/length 17.0
[9619] episode/score 1.0 / episode/length 11.0
[9642] episode/score 0.9 / episode/length 23.0
[9653] episode/score 1.0 / episode/length 11.0
[9671] episode/score 1.0 / episode/length 18.0
[9689] episode/score 1.0 / episode/length 18.0
[9698] episode/score 1.0 / episode/length 9.0
[9714] episode/score 1.0 / episode/length 16.0
[9729] episode/score 1.0 / episode/length 15.0
[9744] episode/score 1.0 / episode/length 15.0
[9763] episode/score 1.0 / episode/length 19.0
[9782] episode/score 1.0 / episode/length 19.0
[9794] episode/score 1.0 / episode/length 12.0
[9809] episode/score 1.0 / episode/length 15.0
[9824] episode/score 1.0 / episode/length 15.0
[9840] episode/score 1.0 / episode/length 16.0
[9856] episode/score 1.0 / episode/length 16.0
[9868] episode/score 1.0 / episode/length 12.0
[9882] episode/score 1.0 / episode/length 14.0
[9895] episode/score 1.0 / episode/length 13.0
[9916] episode/score 0.9 / episode/length 21.0
[9931] episode/score 1.0 / episode/length 15.0
[9945] episode/score 1.0 / episode/length 14.0
[9975] episode/score 0.9 / episode/length 30.0
[9998] episode/score 0.9 / episode/length 23.0
Evaluating the policy...
[10000] episode/eval_score 0.0 / episode/eval_length 360.0
[10012] episode/score 1.0 / episode/length 14.0
[10031] episode/score 1.0 / episode/length 19.0
[10042] episode/score 1.0 / episode/length 11.0
[10052] episode/score 1.0 / episode/length 10.0
[10066] train/ndnf_delta 0.1 / train/dyn_entropy 9.2 / train/rep_entropy 10.2 / train/act_entropy_coef 0.0 / train/ret 0.0 / train/ret_005 0.0 / train/ret_095 0.0 / train/adv -0.0 / train/adv_std 0.0 / train/con 0.6 / train/rew 0.0 / train/val 0.0 / train/tar 0.0 / train/slowval 0.0 / train/weight 0.1 / train/action_entropy 1.5 / train/action_mean 0.2 / train/action_std 0.4 / train/action_min 0.0 / train/action_max 1.0 / train/ret_replay_mean 0.5 / train/ret_replay_std 0.3 / train/ret_replay_min 0.0 / train/ret_replay_max 1.0 / train/value_replay_mean 0.0 / train/value_replay_std 0.0 / train/value_replay_min 0.0 / train/value_replay_max 0.0 / train/slow_value_replay_mean 0.0 / train/slow_value_replay_std 0.0 / train/slow_value_replay_min 0.0 / train/slow_value_replay_max 0.0 / train/loss/dyn 1.4 / train/loss/rep 1.4 / train/loss/ground 0.8 / train/loss/ndnf_aux 0.5 / train/loss/symbolic 7.3 / train/loss/rew 4.7 / train/loss/con 0.5 / train/loss/policy -0.0 / train/loss/value 0.8 / train/loss/repval 8.1 / train/opt/loss 18.2 / train/opt/lr 0.0 / train/opt/grad_scale 8192.0 / train/opt/updates 313.0 / fps/fps 47.4
[10069] episode/score 1.0 / episode/length 17.0
[10087] episode/score 1.0 / episode/length 18.0
[10100] episode/score 1.0 / episode/length 13.0
[10123] episode/score 0.9 / episode/length 23.0
[10137] episode/score 1.0 / episode/length 14.0
[10158] episode/score 0.9 / episode/length 21.0
[10177] episode/score 1.0 / episode/length 19.0
[10191] episode/score 1.0 / episode/length 14.0
[10204] episode/score 1.0 / episode/length 13.0
[10221] episode/score 1.0 / episode/length 17.0
[10231] episode/score 1.0 / episode/length 10.0
[10244] episode/score 1.0 / episode/length 13.0
[10268] episode/score 0.9 / episode/length 24.0
[10285] episode/score 1.0 / episode/length 17.0
[10295] episode/score 1.0 / episode/length 10.0
[10304] episode/score 1.0 / episode/length 9.0
[10317] episode/score 1.0 / episode/length 13.0
[10333] episode/score 1.0 / episode/length 16.0
[10349] episode/score 1.0 / episode/length 16.0
[10370] episode/score 0.9 / episode/length 21.0
[10392] episode/score 0.9 / episode/length 22.0
[10410] episode/score 1.0 / episode/length 18.0
[10436] episode/score 0.9 / episode/length 26.0
[10453] episode/score 1.0 / episode/length 17.0
[10473] episode/score 0.9 / episode/length 20.0
[10492] episode/score 1.0 / episode/length 19.0
[10504] episode/score 1.0 / episode/length 12.0
[10519] episode/score 1.0 / episode/length 15.0
[10533] episode/score 1.0 / episode/length 14.0
[10555] episode/score 0.9 / episode/length 22.0
[10566] episode/score 1.0 / episode/length 11.0
[10583] episode/score 1.0 / episode/length 17.0
[10599] episode/score 1.0 / episode/length 16.0
[10610] episode/score 1.0 / episode/length 11.0
[10640] episode/score 0.9 / episode/length 30.0
[10658] episode/score 1.0 / episode/length 18.0
[10673] episode/score 1.0 / episode/length 15.0
[10683] episode/score 1.0 / episode/length 10.0
[10693] episode/score 1.0 / episode/length 10.0
[10718] episode/score 0.9 / episode/length 25.0
[10729] episode/score 1.0 / episode/length 11.0
[10742] episode/score 1.0 / episode/length 13.0
[10752] episode/score 1.0 / episode/length 10.0
[10771] episode/score 1.0 / episode/length 19.0
[10782] episode/score 1.0 / episode/length 11.0
[10793] episode/score 1.0 / episode/length 11.0
[10805] episode/score 1.0 / episode/length 12.0
[10818] episode/score 1.0 / episode/length 13.0
[10834] episode/score 1.0 / episode/length 16.0
[10853] episode/score 1.0 / episode/length 19.0
[10866] episode/score 1.0 / episode/length 13.0
[10882] episode/score 1.0 / episode/length 16.0
[10899] episode/score 1.0 / episode/length 17.0
[10912] episode/score 1.0 / episode/length 13.0
[10923] episode/score 1.0 / episode/length 11.0
[10940] episode/score 1.0 / episode/length 17.0
[10965] episode/score 0.9 / episode/length 25.0
[10982] episode/score 1.0 / episode/length 17.0
[10997] episode/score 1.0 / episode/length 15.0
[11012] episode/score 1.0 / episode/length 15.0
[11039] episode/score 0.9 / episode/length 27.0
[11055] episode/score 1.0 / episode/length 16.0
[11073] episode/score 1.0 / episode/length 18.0
[11091] episode/score 1.0 / episode/length 18.0
[11107] episode/score 1.0 / episode/length 16.0
[11129] episode/score 0.9 / episode/length 22.0
[11148] episode/score 1.0 / episode/length 19.0
[11165] episode/score 1.0 / episode/length 17.0
[11178] episode/score 1.0 / episode/length 13.0
[11199] episode/score 0.9 / episode/length 21.0
[11226] episode/score 0.9 / episode/length 27.0
[11246] episode/score 0.9 / episode/length 20.0
[11262] episode/score 1.0 / episode/length 16.0
[11276] episode/score 1.0 / episode/length 14.0
[11299] episode/score 0.9 / episode/length 23.0
[11314] episode/score 1.0 / episode/length 15.0
[11325] episode/score 1.0 / episode/length 11.0
[11339] episode/score 1.0 / episode/length 14.0
[11355] episode/score 1.0 / episode/length 16.0
[11369] episode/score 1.0 / episode/length 14.0
[11390] episode/score 0.9 / episode/length 21.0
[11401] episode/score 1.0 / episode/length 11.0
[11417] episode/score 1.0 / episode/length 16.0
[11432] episode/score 1.0 / episode/length 15.0
[11446] episode/score 1.0 / episode/length 14.0
[11459] episode/score 1.0 / episode/length 13.0
[11482] episode/score 0.9 / episode/length 23.0
[11501] episode/score 1.0 / episode/length 19.0
[11513] episode/score 1.0 / episode/length 12.0
[11535] episode/score 0.9 / episode/length 22.0
[11553] episode/score 1.0 / episode/length 18.0
[11568] episode/score 1.0 / episode/length 15.0
[11586] episode/score 1.0 / episode/length 18.0
[11598] episode/score 1.0 / episode/length 12.0
[11612] episode/score 1.0 / episode/length 14.0
[11636] episode/score 0.9 / episode/length 24.0
[11652] episode/score 1.0 / episode/length 16.0
[11663] episode/score 1.0 / episode/length 11.0
[11677] episode/score 1.0 / episode/length 14.0
[11697] episode/score 0.9 / episode/length 20.0
[11711] episode/score 1.0 / episode/length 14.0
[11736] episode/score 0.9 / episode/length 25.0
[11756] episode/score 0.9 / episode/length 20.0
[11769] episode/score 1.0 / episode/length 13.0
[11789] episode/score 0.9 / episode/length 20.0
[11809] episode/score 0.9 / episode/length 20.0
[11829] episode/score 0.9 / episode/length 20.0
[11848] episode/score 1.0 / episode/length 19.0
[11859] episode/score 1.0 / episode/length 11.0
[11883] episode/score 0.9 / episode/length 24.0
[11900] episode/score 1.0 / episode/length 17.0
[11917] episode/score 1.0 / episode/length 17.0
[11934] episode/score 1.0 / episode/length 17.0
[11951] episode/score 1.0 / episode/length 17.0
[11964] episode/score 1.0 / episode/length 13.0
[11980] episode/score 1.0 / episode/length 16.0
[11990] episode/score 1.0 / episode/length 10.0
[12011] episode/score 0.9 / episode/length 21.0
[12031] episode/score 0.9 / episode/length 20.0
[12044] episode/score 1.0 / episode/length 13.0
[12054] episode/score 1.0 / episode/length 10.0
[12073] episode/score 1.0 / episode/length 19.0
[12098] episode/score 0.9 / episode/length 25.0
[12115] episode/score 1.0 / episode/length 17.0
[12135] episode/score 0.9 / episode/length 20.0
[12153] episode/score 1.0 / episode/length 18.0
[12174] episode/score 0.9 / episode/length 21.0
[12184] episode/score 1.0 / episode/length 10.0
[12205] episode/score 0.9 / episode/length 21.0
[12220] episode/score 1.0 / episode/length 15.0
[12235] episode/score 1.0 / episode/length 15.0
[12250] episode/score 1.0 / episode/length 15.0
[12267] episode/score 1.0 / episode/length 17.0
[12279] episode/score 1.0 / episode/length 12.0
[12292] episode/score 1.0 / episode/length 13.0
[12305] episode/score 1.0 / episode/length 13.0
[12316] episode/score 1.0 / episode/length 11.0
[12331] episode/score 1.0 / episode/length 15.0
[12342] episode/score 1.0 / episode/length 11.0
[12357] episode/score 1.0 / episode/length 15.0
[12382] episode/score 0.9 / episode/length 25.0
[12403] episode/score 0.9 / episode/length 21.0
[12416] episode/score 1.0 / episode/length 13.0
[12431] episode/score 1.0 / episode/length 15.0
[12446] episode/score 1.0 / episode/length 15.0
[12460] episode/score 1.0 / episode/length 14.0
[12472] episode/score 1.0 / episode/length 12.0
[12488] episode/score 1.0 / episode/length 16.0
[12499] episode/score 1.0 / episode/length 11.0
[12518] episode/score 1.0 / episode/length 19.0
[12535] episode/score 1.0 / episode/length 17.0
[12548] episode/score 1.0 / episode/length 13.0
[12568] episode/score 0.9 / episode/length 20.0
[12583] episode/score 1.0 / episode/length 15.0
[12595] episode/score 1.0 / episode/length 12.0
[12609] episode/score 1.0 / episode/length 14.0
[12621] episode/score 1.0 / episode/length 12.0
[12630] episode/score 1.0 / episode/length 9.0
[12645] episode/score 1.0 / episode/length 15.0
[12658] episode/score 1.0 / episode/length 13.0
[12676] episode/score 1.0 / episode/length 18.0
[12695] episode/score 1.0 / episode/length 19.0
[12718] episode/score 0.9 / episode/length 23.0
[12730] episode/score 1.0 / episode/length 12.0
[12756] episode/score 0.9 / episode/length 26.0
[12774] episode/score 1.0 / episode/length 18.0
[12795] episode/score 0.9 / episode/length 21.0
[12814] episode/score 1.0 / episode/length 19.0
[12833] episode/score 1.0 / episode/length 19.0
[12848] episode/score 1.0 / episode/length 15.0
[12858] episode/score 1.0 / episode/length 10.0
[12884] episode/score 0.9 / episode/length 26.0
[12908] episode/score 0.9 / episode/length 24.0
[12921] episode/score 1.0 / episode/length 13.0
[12933] episode/score 1.0 / episode/length 12.0
[12953] episode/score 0.9 / episode/length 20.0
[12976] episode/score 0.9 / episode/length 23.0
[12990] episode/score 1.0 / episode/length 14.0
[13007] episode/score 1.0 / episode/length 17.0
[13023] episode/score 1.0 / episode/length 16.0
[13036] episode/score 1.0 / episode/length 13.0
[13054] episode/score 1.0 / episode/length 18.0
[13070] episode/score 1.0 / episode/length 16.0
[13083] episode/score 1.0 / episode/length 13.0
[13098] episode/score 1.0 / episode/length 15.0
[13125] episode/score 0.9 / episode/length 27.0
[13137] episode/score 1.0 / episode/length 12.0
[13154] episode/score 1.0 / episode/length 17.0
[13165] episode/score 1.0 / episode/length 11.0
[13179] episode/score 1.0 / episode/length 14.0
[13194] episode/score 1.0 / episode/length 15.0
[13210] episode/score 1.0 / episode/length 16.0
[13222] episode/score 1.0 / episode/length 12.0
[13233] episode/score 1.0 / episode/length 11.0
[13247] episode/score 1.0 / episode/length 14.0
[13265] episode/score 1.0 / episode/length 18.0
[13280] episode/score 1.0 / episode/length 15.0
[13290] episode/score 1.0 / episode/length 10.0
[13303] episode/score 1.0 / episode/length 13.0
[13317] episode/score 1.0 / episode/length 14.0
[13327] episode/score 1.0 / episode/length 10.0
[13342] episode/score 1.0 / episode/length 15.0
[13361] episode/score 1.0 / episode/length 19.0
[13381] episode/score 0.9 / episode/length 20.0
[13400] episode/score 1.0 / episode/length 19.0
[13411] episode/score 1.0 / episode/length 11.0
[13426] episode/score 1.0 / episode/length 15.0
[13439] episode/score 1.0 / episode/length 13.0
[13456] episode/score 1.0 / episode/length 17.0
[13473] episode/score 1.0 / episode/length 17.0
[13488] episode/score 1.0 / episode/length 15.0
[13511] episode/score 0.9 / episode/length 23.0
[13519] episode/score 1.0 / episode/length 8.0
[13543] episode/score 0.9 / episode/length 24.0
[13554] episode/score 1.0 / episode/length 11.0
[13564] episode/score 1.0 / episode/length 10.0
[13576] episode/score 1.0 / episode/length 12.0
[13594] episode/score 1.0 / episode/length 18.0
[13616] episode/score 0.9 / episode/length 22.0
[13636] episode/score 0.9 / episode/length 20.0
[13649] episode/score 1.0 / episode/length 13.0
[13666] episode/score 1.0 / episode/length 17.0
[13684] episode/score 1.0 / episode/length 18.0
[13699] episode/score 1.0 / episode/length 15.0
[13718] episode/score 1.0 / episode/length 19.0
[13736] episode/score 1.0 / episode/length 18.0
[13762] episode/score 0.9 / episode/length 26.0
[13781] episode/score 1.0 / episode/length 19.0
[13800] episode/score 1.0 / episode/length 19.0
[13816] episode/score 1.0 / episode/length 16.0
[13830] episode/score 1.0 / episode/length 14.0
[13841] episode/score 1.0 / episode/length 11.0
[13856] episode/score 1.0 / episode/length 15.0
[13870] episode/score 1.0 / episode/length 14.0
[13893] episode/score 0.9 / episode/length 23.0
[13904] episode/score 1.0 / episode/length 11.0
[13914] episode/score 1.0 / episode/length 10.0
[13925] episode/score 1.0 / episode/length 11.0
[13940] episode/score 1.0 / episode/length 15.0
[13967] episode/score 0.9 / episode/length 27.0
[13984] episode/score 1.0 / episode/length 17.0
[14003] episode/score 1.0 / episode/length 19.0
[14018] episode/score 1.0 / episode/length 15.0
[14037] episode/score 1.0 / episode/length 19.0
[14052] episode/score 1.0 / episode/length 15.0
[14060] episode/score 1.0 / episode/length 8.0
[14085] episode/score 0.9 / episode/length 25.0
[14103] episode/score 1.0 / episode/length 18.0
[14122] episode/score 1.0 / episode/length 19.0
[14144] episode/score 0.9 / episode/length 22.0
[14156] episode/score 1.0 / episode/length 12.0
[14174] episode/score 1.0 / episode/length 18.0
[14188] episode/score 1.0 / episode/length 14.0
[14203] episode/score 1.0 / episode/length 15.0
[14219] episode/score 1.0 / episode/length 16.0
[14232] episode/score 1.0 / episode/length 13.0
[14246] episode/score 1.0 / episode/length 14.0
[14262] episode/score 1.0 / episode/length 16.0
[14279] episode/score 1.0 / episode/length 17.0
[14295] episode/score 1.0 / episode/length 16.0
[14308] episode/score 1.0 / episode/length 13.0
[14326] episode/score 1.0 / episode/length 18.0
[14340] episode/score 1.0 / episode/length 14.0
[14356] episode/score 1.0 / episode/length 16.0
[14371] episode/score 1.0 / episode/length 15.0
[14386] episode/score 1.0 / episode/length 15.0
[14395] episode/score 1.0 / episode/length 9.0
[14419] episode/score 0.9 / episode/length 24.0
[14428] episode/score 1.0 / episode/length 9.0
[14444] episode/score 1.0 / episode/length 16.0
[14469] episode/score 0.9 / episode/length 25.0
[14487] episode/score 1.0 / episode/length 18.0
[14497] episode/score 1.0 / episode/length 10.0
[14510] episode/score 1.0 / episode/length 13.0
[14532] episode/score 0.9 / episode/length 22.0
[14548] episode/score 1.0 / episode/length 16.0
[14568] episode/score 0.9 / episode/length 20.0
[14583] episode/score 1.0 / episode/length 15.0
[14597] episode/score 1.0 / episode/length 14.0
[14619] episode/score 0.9 / episode/length 22.0
[14632] episode/score 1.0 / episode/length 13.0
[14647] episode/score 1.0 / episode/length 15.0
[14657] episode/score 1.0 / episode/length 10.0
[14670] episode/score 1.0 / episode/length 13.0
[14683] episode/score 1.0 / episode/length 13.0
[14693] episode/score 1.0 / episode/length 10.0
[14707] episode/score 1.0 / episode/length 14.0
[14724] episode/score 1.0 / episode/length 17.0
[14746] episode/score 0.9 / episode/length 22.0
[14757] episode/score 1.0 / episode/length 11.0
[14768] episode/score 1.0 / episode/length 11.0
[14783] episode/score 1.0 / episode/length 15.0
[14807] episode/score 0.9 / episode/length 24.0
[14826] episode/score 1.0 / episode/length 19.0
[14843] episode/score 1.0 / episode/length 17.0
[14856] episode/score 1.0 / episode/length 13.0
[14871] episode/score 1.0 / episode/length 15.0
[14892] episode/score 0.9 / episode/length 21.0
[14917] episode/score 0.9 / episode/length 25.0
[14938] episode/score 0.9 / episode/length 21.0
[14955] episode/score 1.0 / episode/length 17.0
[14976] episode/score 0.9 / episode/length 21.0
[14990] episode/score 1.0 / episode/length 14.0
[15008] episode/score 1.0 / episode/length 18.0
[15023] episode/score 1.0 / episode/length 15.0
[15037] episode/score 1.0 / episode/length 14.0
[15048] episode/score 1.0 / episode/length 11.0
[15066] train/ndnf_delta 0.1 / train/dyn_entropy 9.2 / train/rep_entropy 10.1 / train/act_entropy_coef 0.0 / train/ret 0.1 / train/ret_005 0.1 / train/ret_095 0.1 / train/adv 0.0 / train/adv_std 0.0 / train/con 0.7 / train/rew 0.0 / train/val 0.1 / train/tar 0.1 / train/slowval 0.1 / train/weight 0.2 / train/action_entropy 0.7 / train/action_mean 0.2 / train/action_std 0.4 / train/action_min 0.0 / train/action_max 1.0 / train/ret_replay_mean 0.6 / train/ret_replay_std 0.2 / train/ret_replay_min 0.1 / train/ret_replay_max 1.0 / train/value_replay_mean 0.1 / train/value_replay_std 0.0 / train/value_replay_min 0.1 / train/value_replay_max 0.1 / train/slow_value_replay_mean 0.1 / train/slow_value_replay_std 0.0 / train/slow_value_replay_min 0.1 / train/slow_value_replay_max 0.1 / train/loss/dyn 1.3 / train/loss/rep 1.3 / train/loss/ground 0.7 / train/loss/ndnf_aux 0.5 / train/loss/symbolic 2.0 / train/loss/rew 3.5 / train/loss/con 0.4 / train/loss/policy 0.0 / train/loss/value 0.9 / train/loss/repval 5.0 / train/opt/loss 10.4 / train/opt/lr 0.0 / train/opt/grad_scale 8192.0 / train/opt/updates 469.0 / fps/fps 48.4
[15069] episode/score 0.9 / episode/length 21.0
[15089] episode/score 0.9 / episode/length 20.0
[15105] episode/score 1.0 / episode/length 16.0
[15116] episode/score 1.0 / episode/length 11.0
[15133] episode/score 1.0 / episode/length 17.0
[15149] episode/score 1.0 / episode/length 16.0
[15168] episode/score 1.0 / episode/length 19.0
[15182] episode/score 1.0 / episode/length 14.0
[15202] episode/score 0.9 / episode/length 20.0
[15219] episode/score 1.0 / episode/length 17.0
[15245] episode/score 0.9 / episode/length 26.0
[15258] episode/score 1.0 / episode/length 13.0
[15270] episode/score 1.0 / episode/length 12.0
[15284] episode/score 1.0 / episode/length 14.0
[15302] episode/score 1.0 / episode/length 18.0
[15316] episode/score 1.0 / episode/length 14.0
[15341] episode/score 0.9 / episode/length 25.0
[15358] episode/score 1.0 / episode/length 17.0
[15370] episode/score 1.0 / episode/length 12.0
[15384] episode/score 1.0 / episode/length 14.0
[15400] episode/score 1.0 / episode/length 16.0
[15412] episode/score 1.0 / episode/length 12.0
[15426] episode/score 1.0 / episode/length 14.0
[15445] episode/score 1.0 / episode/length 19.0
[15458] episode/score 1.0 / episode/length 13.0
[15474] episode/score 1.0 / episode/length 16.0
[15487] episode/score 1.0 / episode/length 13.0
[15499] episode/score 1.0 / episode/length 12.0
[15513] episode/score 1.0 / episode/length 14.0
[15535] episode/score 0.9 / episode/length 22.0
[15561] episode/score 0.9 / episode/length 26.0
[15584] episode/score 0.9 / episode/length 23.0
[15601] episode/score 1.0 / episode/length 17.0
[15624] episode/score 0.9 / episode/length 23.0
[15643] episode/score 1.0 / episode/length 19.0
[15664] episode/score 0.9 / episode/length 21.0
[15678] episode/score 1.0 / episode/length 14.0
[15693] episode/score 1.0 / episode/length 15.0
[15704] episode/score 1.0 / episode/length 11.0
[15717] episode/score 1.0 / episode/length 13.0
[15736] episode/score 1.0 / episode/length 19.0
[15752] episode/score 1.0 / episode/length 16.0
[15770] episode/score 1.0 / episode/length 18.0
[15784] episode/score 1.0 / episode/length 14.0
[15804] episode/score 0.9 / episode/length 20.0
[15817] episode/score 1.0 / episode/length 13.0
[15831] episode/score 1.0 / episode/length 14.0
[15843] episode/score 1.0 / episode/length 12.0
[15858] episode/score 1.0 / episode/length 15.0
[15879] episode/score 0.9 / episode/length 21.0
[15891] episode/score 1.0 / episode/length 12.0
[15903] episode/score 1.0 / episode/length 12.0
[15914] episode/score 1.0 / episode/length 11.0
[15931] episode/score 1.0 / episode/length 17.0
[15951] episode/score 0.9 / episode/length 20.0
[15965] episode/score 1.0 / episode/length 14.0
[15979] episode/score 1.0 / episode/length 14.0
[15999] episode/score 0.9 / episode/length 20.0
[16014] episode/score 1.0 / episode/length 15.0
[16032] episode/score 1.0 / episode/length 18.0
[16050] episode/score 1.0 / episode/length 18.0
[16063] episode/score 1.0 / episode/length 13.0
[16079] episode/score 1.0 / episode/length 16.0
[16096] episode/score 1.0 / episode/length 17.0
[16113] episode/score 1.0 / episode/length 17.0
[16130] episode/score 1.0 / episode/length 17.0
[16149] episode/score 1.0 / episode/length 19.0
[16163] episode/score 1.0 / episode/length 14.0
[16171] episode/score 1.0 / episode/length 8.0
[16181] episode/score 1.0 / episode/length 10.0
[16196] episode/score 1.0 / episode/length 15.0
[16212] episode/score 1.0 / episode/length 16.0
[16235] episode/score 0.9 / episode/length 23.0
[16258] episode/score 0.9 / episode/length 23.0
[16273] episode/score 1.0 / episode/length 15.0
[16287] episode/score 1.0 / episode/length 14.0
[16306] episode/score 1.0 / episode/length 19.0
[16317] episode/score 1.0 / episode/length 11.0
[16329] episode/score 1.0 / episode/length 12.0
[16341] episode/score 1.0 / episode/length 12.0
[16354] episode/score 1.0 / episode/length 13.0
[16372] episode/score 1.0 / episode/length 18.0
[16389] episode/score 1.0 / episode/length 17.0
[16406] episode/score 1.0 / episode/length 17.0
[16420] episode/score 1.0 / episode/length 14.0
[16435] episode/score 1.0 / episode/length 15.0
[16447] episode/score 1.0 / episode/length 12.0
[16468] episode/score 0.9 / episode/length 21.0
[16482] episode/score 1.0 / episode/length 14.0
[16498] episode/score 1.0 / episode/length 16.0
[16509] episode/score 1.0 / episode/length 11.0
[16533] episode/score 0.9 / episode/length 24.0
[16547] episode/score 1.0 / episode/length 14.0
[16570] episode/score 0.9 / episode/length 23.0
[16585] episode/score 1.0 / episode/length 15.0
[16597] episode/score 1.0 / episode/length 12.0
[16610] episode/score 1.0 / episode/length 13.0
[16624] episode/score 1.0 / episode/length 14.0
[16643] episode/score 1.0 / episode/length 19.0
[16661] episode/score 1.0 / episode/length 18.0
[16675] episode/score 1.0 / episode/length 14.0
[16691] episode/score 1.0 / episode/length 16.0
[16711] episode/score 0.9 / episode/length 20.0
[16729] episode/score 1.0 / episode/length 18.0
[16751] episode/score 0.9 / episode/length 22.0
[16764] episode/score 1.0 / episode/length 13.0
[16779] episode/score 1.0 / episode/length 15.0
[16791] episode/score 1.0 / episode/length 12.0
[16808] episode/score 1.0 / episode/length 17.0
[16824] episode/score 1.0 / episode/length 16.0
[16836] episode/score 1.0 / episode/length 12.0
[16849] episode/score 1.0 / episode/length 13.0
[16861] episode/score 1.0 / episode/length 12.0
[16879] episode/score 1.0 / episode/length 18.0
[16894] episode/score 1.0 / episode/length 15.0
[16909] episode/score 1.0 / episode/length 15.0
[16924] episode/score 1.0 / episode/length 15.0
[16941] episode/score 1.0 / episode/length 17.0
[16957] episode/score 1.0 / episode/length 16.0
[16981] episode/score 0.9 / episode/length 24.0
[16993] episode/score 1.0 / episode/length 12.0
[17006] episode/score 1.0 / episode/length 13.0
[17019] episode/score 1.0 / episode/length 13.0
[17037] episode/score 1.0 / episode/length 18.0
[17053] episode/score 1.0 / episode/length 16.0
[17063] episode/score 1.0 / episode/length 10.0
[17081] episode/score 1.0 / episode/length 18.0
[17105] episode/score 0.9 / episode/length 24.0
[17121] episode/score 1.0 / episode/length 16.0
[17136] episode/score 1.0 / episode/length 15.0
[17155] episode/score 1.0 / episode/length 19.0
[17172] episode/score 1.0 / episode/length 17.0
[17183] episode/score 1.0 / episode/length 11.0
[17200] episode/score 1.0 / episode/length 17.0
[17212] episode/score 1.0 / episode/length 12.0
[17229] episode/score 1.0 / episode/length 17.0
[17241] episode/score 1.0 / episode/length 12.0
[17254] episode/score 1.0 / episode/length 13.0
[17269] episode/score 1.0 / episode/length 15.0
[17287] episode/score 1.0 / episode/length 18.0
[17311] episode/score 0.9 / episode/length 24.0
[17321] episode/score 1.0 / episode/length 10.0
[17332] episode/score 1.0 / episode/length 11.0
[17344] episode/score 1.0 / episode/length 12.0
[17356] episode/score 1.0 / episode/length 12.0
[17375] episode/score 1.0 / episode/length 19.0
[17392] episode/score 1.0 / episode/length 17.0
[17406] episode/score 1.0 / episode/length 14.0
[17421] episode/score 1.0 / episode/length 15.0
[17439] episode/score 1.0 / episode/length 18.0
[17451] episode/score 1.0 / episode/length 12.0
[17469] episode/score 1.0 / episode/length 18.0
[17492] episode/score 0.9 / episode/length 23.0
[17514] episode/score 0.9 / episode/length 22.0
[17528] episode/score 1.0 / episode/length 14.0
[17540] episode/score 1.0 / episode/length 12.0
[17550] episode/score 1.0 / episode/length 10.0
[17567] episode/score 1.0 / episode/length 17.0
[17577] episode/score 1.0 / episode/length 10.0
[17589] episode/score 1.0 / episode/length 12.0
[17609] episode/score 0.9 / episode/length 20.0
[17621] episode/score 1.0 / episode/length 12.0
[17636] episode/score 1.0 / episode/length 15.0
[17657] episode/score 0.9 / episode/length 21.0
[17667] episode/score 1.0 / episode/length 10.0
[17679] episode/score 1.0 / episode/length 12.0
[17694] episode/score 1.0 / episode/length 15.0
[17715] episode/score 0.9 / episode/length 21.0
[17738] episode/score 0.9 / episode/length 23.0
[17750] episode/score 1.0 / episode/length 12.0
[17768] episode/score 1.0 / episode/length 18.0
[17781] episode/score 1.0 / episode/length 13.0
[17807] episode/score 0.9 / episode/length 26.0
[17830] episode/score 0.9 / episode/length 23.0
[17839] episode/score 1.0 / episode/length 9.0
[17848] episode/score 1.0 / episode/length 9.0
[17864] episode/score 1.0 / episode/length 16.0
[17876] episode/score 1.0 / episode/length 12.0
[17892] episode/score 1.0 / episode/length 16.0
[17908] episode/score 1.0 / episode/length 16.0
[17932] episode/score 0.9 / episode/length 24.0
[17956] episode/score 0.9 / episode/length 24.0
[17976] episode/score 0.9 / episode/length 20.0
[17990] episode/score 1.0 / episode/length 14.0
[18002] episode/score 1.0 / episode/length 12.0
[18022] episode/score 0.9 / episode/length 20.0
[18033] episode/score 1.0 / episode/length 11.0
[18044] episode/score 1.0 / episode/length 11.0
[18065] episode/score 0.9 / episode/length 21.0
[18075] episode/score 1.0 / episode/length 10.0
[18086] episode/score 1.0 / episode/length 11.0
[18105] episode/score 1.0 / episode/length 19.0
[18122] episode/score 1.0 / episode/length 17.0
[18140] episode/score 1.0 / episode/length 18.0
[18162] episode/score 0.9 / episode/length 22.0
[18181] episode/score 1.0 / episode/length 19.0
[18197] episode/score 1.0 / episode/length 16.0
[18211] episode/score 1.0 / episode/length 14.0
[18229] episode/score 1.0 / episode/length 18.0
[18242] episode/score 1.0 / episode/length 13.0
[18259] episode/score 1.0 / episode/length 17.0
[18278] episode/score 1.0 / episode/length 19.0
[18293] episode/score 1.0 / episode/length 15.0
[18311] episode/score 1.0 / episode/length 18.0
[18325] episode/score 1.0 / episode/length 14.0
[18337] episode/score 1.0 / episode/length 12.0
[18358] episode/score 0.9 / episode/length 21.0
[18374] episode/score 1.0 / episode/length 16.0
[18389] episode/score 1.0 / episode/length 15.0
[18407] episode/score 1.0 / episode/length 18.0
[18432] episode/score 0.9 / episode/length 25.0
[18448] episode/score 1.0 / episode/length 16.0
[18470] episode/score 0.9 / episode/length 22.0
[18480] episode/score 1.0 / episode/length 10.0
[18492] episode/score 1.0 / episode/length 12.0
[18506] episode/score 1.0 / episode/length 14.0
[18531] episode/score 0.9 / episode/length 25.0
[18544] episode/score 1.0 / episode/length 13.0
[18559] episode/score 1.0 / episode/length 15.0
[18580] episode/score 0.9 / episode/length 21.0
[18590] episode/score 1.0 / episode/length 10.0
[18608] episode/score 1.0 / episode/length 18.0
[18630] episode/score 0.9 / episode/length 22.0
[18640] episode/score 1.0 / episode/length 10.0
[18653] episode/score 1.0 / episode/length 13.0
[18667] episode/score 1.0 / episode/length 14.0
[18693] episode/score 0.9 / episode/length 26.0
[18713] episode/score 0.9 / episode/length 20.0
[18736] episode/score 0.9 / episode/length 23.0
[18752] episode/score 1.0 / episode/length 16.0
[18768] episode/score 1.0 / episode/length 16.0
[18782] episode/score 1.0 / episode/length 14.0
[18797] episode/score 1.0 / episode/length 15.0
[18815] episode/score 1.0 / episode/length 18.0
[18833] episode/score 1.0 / episode/length 18.0
[18842] episode/score 1.0 / episode/length 9.0
[18856] episode/score 1.0 / episode/length 14.0
[18872] episode/score 1.0 / episode/length 16.0
[18885] episode/score 1.0 / episode/length 13.0
[18905] episode/score 0.9 / episode/length 20.0
[18921] episode/score 1.0 / episode/length 16.0
[18940] episode/score 1.0 / episode/length 19.0
[18953] episode/score 1.0 / episode/length 13.0
[18970] episode/score 1.0 / episode/length 17.0
[18986] episode/score 1.0 / episode/length 16.0
[18998] episode/score 1.0 / episode/length 12.0
[19013] episode/score 1.0 / episode/length 15.0
[19026] episode/score 1.0 / episode/length 13.0
[19053] episode/score 0.9 / episode/length 27.0
[19066] episode/score 1.0 / episode/length 13.0
[19083] episode/score 1.0 / episode/length 17.0
[19095] episode/score 1.0 / episode/length 12.0
[19111] episode/score 1.0 / episode/length 16.0
[19128] episode/score 1.0 / episode/length 17.0
[19139] episode/score 1.0 / episode/length 11.0
[19155] episode/score 1.0 / episode/length 16.0
[19164] episode/score 1.0 / episode/length 9.0
[19183] episode/score 1.0 / episode/length 19.0
[19202] episode/score 1.0 / episode/length 19.0
[19221] episode/score 1.0 / episode/length 19.0
[19230] episode/score 1.0 / episode/length 9.0
[19244] episode/score 1.0 / episode/length 14.0
[19260] episode/score 1.0 / episode/length 16.0
[19275] episode/score 1.0 / episode/length 15.0
[19292] episode/score 1.0 / episode/length 17.0
[19304] episode/score 1.0 / episode/length 12.0
[19318] episode/score 1.0 / episode/length 14.0
[19337] episode/score 1.0 / episode/length 19.0
[19353] episode/score 1.0 / episode/length 16.0
[19370] episode/score 1.0 / episode/length 17.0
[19387] episode/score 1.0 / episode/length 17.0
[19401] episode/score 1.0 / episode/length 14.0
[19420] episode/score 1.0 / episode/length 19.0
[19435] episode/score 1.0 / episode/length 15.0
[19447] episode/score 1.0 / episode/length 12.0
[19466] episode/score 1.0 / episode/length 19.0
[19479] episode/score 1.0 / episode/length 13.0
[19496] episode/score 1.0 / episode/length 17.0
[19507] episode/score 1.0 / episode/length 11.0
[19523] episode/score 1.0 / episode/length 16.0
[19537] episode/score 1.0 / episode/length 14.0
[19559] episode/score 0.9 / episode/length 22.0
[19577] episode/score 1.0 / episode/length 18.0
[19597] episode/score 0.9 / episode/length 20.0
[19612] episode/score 1.0 / episode/length 15.0
[19626] episode/score 1.0 / episode/length 14.0
[19635] episode/score 1.0 / episode/length 9.0
[19655] episode/score 0.9 / episode/length 20.0
[19666] episode/score 1.0 / episode/length 11.0
[19686] episode/score 0.9 / episode/length 20.0
[19701] episode/score 1.0 / episode/length 15.0
[19722] episode/score 0.9 / episode/length 21.0
[19736] episode/score 1.0 / episode/length 14.0
[19749] episode/score 1.0 / episode/length 13.0
[19765] episode/score 1.0 / episode/length 16.0
[19782] episode/score 1.0 / episode/length 17.0
[19795] episode/score 1.0 / episode/length 13.0
[19811] episode/score 1.0 / episode/length 16.0
[19830] episode/score 1.0 / episode/length 19.0
[19847] episode/score 1.0 / episode/length 17.0
[19862] episode/score 1.0 / episode/length 15.0
[19874] episode/score 1.0 / episode/length 12.0
[19892] episode/score 1.0 / episode/length 18.0
[19904] episode/score 1.0 / episode/length 12.0
[19917] episode/score 1.0 / episode/length 13.0
[19936] episode/score 1.0 / episode/length 19.0
[19950] episode/score 1.0 / episode/length 14.0
[19968] episode/score 1.0 / episode/length 18.0
[19988] episode/score 0.9 / episode/length 20.0
Evaluating the policy...
[20000] episode/eval_score 0.0 / episode/eval_length 360.0
[20066] train/ndnf_delta 0.1 / train/dyn_entropy 9.1 / train/rep_entropy 10.0 / train/act_entropy_coef 0.0 / train/ret 0.2 / train/ret_005 0.2 / train/ret_095 0.3 / train/adv 0.1 / train/adv_std 0.0 / train/con 0.9 / train/rew 0.1 / train/val 0.3 / train/tar 0.4 / train/slowval 0.2 / train/weight 0.4 / train/action_entropy 0.2 / train/action_mean 0.2 / train/action_std 0.4 / train/action_min 0.0 / train/action_max 1.0 / train/ret_replay_mean 0.7 / train/ret_replay_std 0.2 / train/ret_replay_min 0.4 / train/ret_replay_max 1.0 / train/value_replay_mean 0.3 / train/value_replay_std 0.0 / train/value_replay_min 0.3 / train/value_replay_max 0.3 / train/slow_value_replay_mean 0.2 / train/slow_value_replay_std 0.0 / train/slow_value_replay_min 0.2 / train/slow_value_replay_max 0.2 / train/loss/dyn 1.2 / train/loss/rep 1.2 / train/loss/ground 0.7 / train/loss/ndnf_aux 0.5 / train/loss/symbolic 1.5 / train/loss/rew 1.7 / train/loss/con 0.3 / train/loss/policy 0.0 / train/loss/value 1.1 / train/loss/repval 3.3 / train/opt/loss 7.5 / train/opt/lr 0.0 / train/opt/grad_scale 8192.0 / train/opt/updates 625.0 / fps/fps 47.7
[20348] episode/score 0.0 / episode/length 360.0
[20708] episode/score 0.0 / episode/length 360.0
[21068] episode/score 0.0 / episode/length 360.0
[21428] episode/score 0.0 / episode/length 360.0
[21788] episode/score 0.0 / episode/length 360.0
[22148] episode/score 0.0 / episode/length 360.0
[22508] episode/score 0.0 / episode/length 360.0
[22868] episode/score 0.0 / episode/length 360.0
[23228] episode/score 0.0 / episode/length 360.0
[23588] episode/score 0.0 / episode/length 360.0
[23948] episode/score 0.0 / episode/length 360.0
[24308] episode/score 0.0 / episode/length 360.0
[24668] episode/score 0.0 / episode/length 360.0
[25028] episode/score 0.0 / episode/length 360.0
[25066] train/ndnf_delta 0.1 / train/dyn_entropy 9.0 / train/rep_entropy 9.7 / train/act_entropy_coef 0.0 / train/ret 0.1 / train/ret_005 0.3 / train/ret_095 0.4 / train/adv 0.1 / train/adv_std 0.0 / train/con 0.9 / train/rew 0.0 / train/val 0.4 / train/tar 0.5 / train/slowval 0.4 / train/weight 0.5 / train/action_entropy 0.1 / train/action_mean 0.2 / train/action_std 0.4 / train/action_min 0.0 / train/action_max 1.0 / train/ret_replay_mean 0.7 / train/ret_replay_std 0.2 / train/ret_replay_min 0.5 / train/ret_replay_max 1.0 / train/value_replay_mean 0.4 / train/value_replay_std 0.0 / train/value_replay_min 0.4 / train/value_replay_max 0.4 / train/slow_value_replay_mean 0.4 / train/slow_value_replay_std 0.0 / train/slow_value_replay_min 0.4 / train/slow_value_replay_max 0.4 / train/loss/dyn 1.1 / train/loss/rep 1.1 / train/loss/ground 0.7 / train/loss/ndnf_aux 0.5 / train/loss/symbolic 1.3 / train/loss/rew 0.4 / train/loss/con 0.2 / train/loss/policy 0.0 / train/loss/value 0.9 / train/loss/repval 2.5 / train/opt/loss 5.5 / train/opt/lr 0.0 / train/opt/grad_scale 8192.0 / train/opt/updates 782.0 / fps/fps 50.1
[25388] episode/score 0.0 / episode/length 360.0
[25748] episode/score 0.0 / episode/length 360.0
[26108] episode/score 0.0 / episode/length 360.0
[26468] episode/score 0.0 / episode/length 360.0
[26828] episode/score 0.0 / episode/length 360.0
[27188] episode/score 0.0 / episode/length 360.0
[27548] episode/score 0.0 / episode/length 360.0
[27908] episode/score 0.0 / episode/length 360.0
[28268] episode/score 0.0 / episode/length 360.0
[28628] episode/score 0.0 / episode/length 360.0
[28988] episode/score 0.0 / episode/length 360.0
[29348] episode/score 0.0 / episode/length 360.0
[29708] episode/score 0.0 / episode/length 360.0
Evaluating the policy...
[30000] episode/eval_score 0.0 / episode/eval_length 360.0
[30066] train/ndnf_delta 0.1 / train/dyn_entropy 8.6 / train/rep_entropy 9.1 / train/act_entropy_coef 0.0 / train/ret 0.1 / train/ret_005 0.5 / train/ret_095 0.6 / train/adv 0.0 / train/adv_std 0.0 / train/con 0.9 / train/rew 0.0 / train/val 0.6 / train/tar 0.6 / train/slowval 0.5 / train/weight 0.6 / train/action_entropy 0.1 / train/action_mean 0.2 / train/action_std 0.4 / train/action_min 0.0 / train/action_max 1.0 / train/ret_replay_mean 0.7 / train/ret_replay_std 0.1 / train/ret_replay_min 0.6 / train/ret_replay_max 1.0 / train/value_replay_mean 0.6 / train/value_replay_std 0.0 / train/value_replay_min 0.6 / train/value_replay_max 0.6 / train/slow_value_replay_mean 0.5 / train/slow_value_replay_std 0.0 / train/slow_value_replay_min 0.5 / train/slow_value_replay_max 0.5 / train/loss/dyn 1.1 / train/loss/rep 1.1 / train/loss/ground 0.7 / train/loss/ndnf_aux 0.5 / train/loss/symbolic 1.2 / train/loss/rew 0.2 / train/loss/con 0.1 / train/loss/policy 0.0 / train/loss/value 0.8 / train/loss/repval 1.9 / train/opt/loss 4.8 / train/opt/lr 0.0 / train/opt/grad_scale 8192.0 / train/opt/updates 938.0 / fps/fps 48.5
[30068] episode/score 0.0 / episode/length 360.0
[30428] episode/score 0.0 / episode/length 360.0
[30788] episode/score 0.0 / episode/length 360.0
[31148] episode/score 0.0 / episode/length 360.0
[31508] episode/score 0.0 / episode/length 360.0
[31868] episode/score 0.0 / episode/length 360.0
[32228] episode/score 0.0 / episode/length 360.0
[32588] episode/score 0.0 / episode/length 360.0
[32948] episode/score 0.0 / episode/length 360.0
[33308] episode/score 0.0 / episode/length 360.0
[33668] episode/score 0.0 / episode/length 360.0
[34028] episode/score 0.0 / episode/length 360.0
[34388] episode/score 0.0 / episode/length 360.0
[34748] episode/score 0.0 / episode/length 360.0
[35066] train/ndnf_delta 0.2 / train/dyn_entropy 8.6 / train/rep_entropy 8.6 / train/act_entropy_coef 0.0 / train/ret 0.1 / train/ret_005 0.6 / train/ret_095 0.7 / train/adv 0.0 / train/adv_std 0.0 / train/con 0.9 / train/rew 0.0 / train/val 0.6 / train/tar 0.7 / train/slowval 0.6 / train/weight 0.6 / train/action_entropy 0.1 / train/action_mean 0.2 / train/action_std 0.4 / train/action_min 0.0 / train/action_max 1.0 / train/ret_replay_mean 0.7 / train/ret_replay_std 0.1 / train/ret_replay_min 0.6 / train/ret_replay_max 1.0 / train/value_replay_mean 0.7 / train/value_replay_std 0.0 / train/value_replay_min 0.6 / train/value_replay_max 0.7 / train/slow_value_replay_mean 0.6 / train/slow_value_replay_std 0.0 / train/slow_value_replay_min 0.6 / train/slow_value_replay_max 0.6 / train/loss/dyn 1.1 / train/loss/rep 1.1 / train/loss/ground 0.6 / train/loss/ndnf_aux 0.5 / train/loss/symbolic 1.0 / train/loss/rew 0.1 / train/loss/con 0.1 / train/loss/policy 0.0 / train/loss/value 0.6 / train/loss/repval 1.1 / train/opt/loss 3.9 / train/opt/lr 0.0 / train/opt/grad_scale 8192.0 / train/opt/updates 1094.0 / fps/fps 52.4
[35108] episode/score 0.0 / episode/length 360.0
[35468] episode/score 0.0 / episode/length 360.0
[35828] episode/score 0.0 / episode/length 360.0
[36188] episode/score 0.0 / episode/length 360.0
[36548] episode/score 0.0 / episode/length 360.0
[36908] episode/score 0.0 / episode/length 360.0
[37268] episode/score 0.0 / episode/length 360.0
[37628] episode/score 0.0 / episode/length 360.0
[37988] episode/score 0.0 / episode/length 360.0
[38348] episode/score 0.0 / episode/length 360.0
[38708] episode/score 0.0 / episode/length 360.0
[39068] episode/score 0.0 / episode/length 360.0
[39428] episode/score 0.0 / episode/length 360.0
[39788] episode/score 0.0 / episode/length 360.0
Evaluating the policy...
[40000] episode/eval_score 0.0 / episode/eval_length 360.0
[40066] train/ndnf_delta 0.2 / train/dyn_entropy 8.2 / train/rep_entropy 8.0 / train/act_entropy_coef 0.0 / train/ret 0.0 / train/ret_005 0.6 / train/ret_095 0.7 / train/adv -0.0 / train/adv_std 0.0 / train/con 1.0 / train/rew 0.0 / train/val 0.7 / train/tar 0.7 / train/slowval 0.7 / train/weight 0.7 / train/action_entropy 0.1 / train/action_mean 0.2 / train/action_std 0.4 / train/action_min 0.0 / train/action_max 1.0 / train/ret_replay_mean 0.8 / train/ret_replay_std 0.1 / train/ret_replay_min 0.6 / train/ret_replay_max 1.0 / train/value_replay_mean 0.7 / train/value_replay_std 0.0 / train/value_replay_min 0.7 / train/value_replay_max 0.7 / train/slow_value_replay_mean 0.7 / train/slow_value_replay_std 0.0 / train/slow_value_replay_min 0.7 / train/slow_value_replay_max 0.7 / train/loss/dyn 1.1 / train/loss/rep 1.1 / train/loss/ground 0.6 / train/loss/ndnf_aux 0.5 / train/loss/symbolic 1.2 / train/loss/rew 0.2 / train/loss/con 0.2 / train/loss/policy -0.0 / train/loss/value 0.7 / train/loss/repval 1.5 / train/opt/loss 4.4 / train/opt/lr 0.0 / train/opt/grad_scale 8192.0 / train/opt/updates 1250.0 / fps/fps 48.0
[40148] episode/score 0.0 / episode/length 360.0
[40508] episode/score 0.0 / episode/length 360.0
[40868] episode/score 0.0 / episode/length 360.0
[41228] episode/score 0.0 / episode/length 360.0
[41588] episode/score 0.0 / episode/length 360.0
[41948] episode/score 0.0 / episode/length 360.0
[42308] episode/score 0.0 / episode/length 360.0
[42426] episode/score 0.7 / episode/length 118.0
[42786] episode/score 0.0 / episode/length 360.0
[43146] episode/score 0.0 / episode/length 360.0
[43506] episode/score 0.0 / episode/length 360.0
[43866] episode/score 0.0 / episode/length 360.0
[44226] episode/score 0.0 / episode/length 360.0
[44586] episode/score 0.0 / episode/length 360.0
[44946] episode/score 0.0 / episode/length 360.0
[45066] train/ndnf_delta 0.2 / train/dyn_entropy 7.7 / train/rep_entropy 7.5 / train/act_entropy_coef 0.0 / train/ret 0.0 / train/ret_005 0.6 / train/ret_095 0.7 / train/adv -0.0 / train/adv_std 0.0 / train/con 1.0 / train/rew 0.0 / train/val 0.6 / train/tar 0.6 / train/slowval 0.6 / train/weight 0.7 / train/action_entropy 0.9 / train/action_mean 0.2 / train/action_std 0.4 / train/action_min 0.0 / train/action_max 1.0 / train/ret_replay_mean 0.7 / train/ret_replay_std 0.1 / train/ret_replay_min 0.6 / train/ret_replay_max 1.0 / train/value_replay_mean 0.7 / train/value_replay_std 0.0 / train/value_replay_min 0.6 / train/value_replay_max 0.7 / train/slow_value_replay_mean 0.7 / train/slow_value_replay_std 0.0 / train/slow_value_replay_min 0.7 / train/slow_value_replay_max 0.7 / train/loss/dyn 1.1 / train/loss/rep 1.1 / train/loss/ground 0.6 / train/loss/ndnf_aux 0.5 / train/loss/symbolic 1.1 / train/loss/rew 0.2 / train/loss/con 0.1 / train/loss/policy -0.0 / train/loss/value 0.6 / train/loss/repval 1.4 / train/opt/loss 4.2 / train/opt/lr 0.0 / train/opt/grad_scale 8192.0 / train/opt/updates 1407.0 / fps/fps 49.5
[45306] episode/score 0.0 / episode/length 360.0
[45666] episode/score 0.0 / episode/length 360.0
[46026] episode/score 0.0 / episode/length 360.0
[46386] episode/score 0.0 / episode/length 360.0
[46746] episode/score 0.0 / episode/length 360.0
[47106] episode/score 0.0 / episode/length 360.0
[47466] episode/score 0.0 / episode/length 360.0
[47826] episode/score 0.0 / episode/length 360.0
[48186] episode/score 0.0 / episode/length 360.0
[48546] episode/score 0.0 / episode/length 360.0
[48906] episode/score 0.0 / episode/length 360.0
[49266] episode/score 0.0 / episode/length 360.0
[49626] episode/score 0.0 / episode/length 360.0
[49986] episode/score 0.0 / episode/length 360.0
Evaluating the policy...
[50000] episode/eval_score 0.0 / episode/eval_length 360.0
[50066] train/ndnf_delta 0.3 / train/dyn_entropy 7.6 / train/rep_entropy 7.2 / train/act_entropy_coef 0.0 / train/ret 0.0 / train/ret_005 0.6 / train/ret_095 0.7 / train/adv -0.0 / train/adv_std 0.0 / train/con 1.0 / train/rew 0.0 / train/val 0.6 / train/tar 0.6 / train/slowval 0.6 / train/weight 0.7 / train/action_entropy 0.6 / train/action_mean 0.2 / train/action_std 0.4 / train/action_min 0.0 / train/action_max 1.0 / train/ret_replay_mean 0.7 / train/ret_replay_std 0.1 / train/ret_replay_min 0.5 / train/ret_replay_max 1.0 / train/value_replay_mean 0.7 / train/value_replay_std 0.0 / train/value_replay_min 0.6 / train/value_replay_max 0.7 / train/slow_value_replay_mean 0.7 / train/slow_value_replay_std 0.0 / train/slow_value_replay_min 0.6 / train/slow_value_replay_max 0.7 / train/loss/dyn 1.1 / train/loss/rep 1.1 / train/loss/ground 0.5 / train/loss/ndnf_aux 0.5 / train/loss/symbolic 1.1 / train/loss/rew 0.1 / train/loss/con 0.1 / train/loss/policy -0.0 / train/loss/value 0.5 / train/loss/repval 1.6 / train/opt/loss 4.0 / train/opt/lr 0.0 / train/opt/grad_scale 8192.0 / train/opt/updates 1563.0 / fps/fps 47.7
[50346] episode/score 0.0 / episode/length 360.0
[50706] episode/score 0.0 / episode/length 360.0
[51066] episode/score 0.0 / episode/length 360.0
[51426] episode/score 0.0 / episode/length 360.0
[51786] episode/score 0.0 / episode/length 360.0
[52146] episode/score 0.0 / episode/length 360.0
[52506] episode/score 0.0 / episode/length 360.0
[52866] episode/score 0.0 / episode/length 360.0
[53226] episode/score 0.0 / episode/length 360.0
[53586] episode/score 0.0 / episode/length 360.0
[53946] episode/score 0.0 / episode/length 360.0
[54306] episode/score 0.0 / episode/length 360.0
[54666] episode/score 0.0 / episode/length 360.0
[55026] episode/score 0.0 / episode/length 360.0
[55066] train/ndnf_delta 0.3 / train/dyn_entropy 7.2 / train/rep_entropy 6.7 / train/act_entropy_coef 0.0 / train/ret 0.0 / train/ret_005 0.6 / train/ret_095 0.6 / train/adv -0.0 / train/adv_std 0.0 / train/con 1.0 / train/rew 0.0 / train/val 0.6 / train/tar 0.6 / train/slowval 0.6 / train/weight 0.7 / train/action_entropy 0.4 / train/action_mean 0.2 / train/action_std 0.4 / train/action_min 0.0 / train/action_max 1.0 / train/ret_replay_mean 0.7 / train/ret_replay_std 0.1 / train/ret_replay_min 0.5 / train/ret_replay_max 1.0 / train/value_replay_mean 0.6 / train/value_replay_std 0.0 / train/value_replay_min 0.6 / train/value_replay_max 0.7 / train/slow_value_replay_mean 0.6 / train/slow_value_replay_std 0.0 / train/slow_value_replay_min 0.6 / train/slow_value_replay_max 0.7 / train/loss/dyn 1.0 / train/loss/rep 1.0 / train/loss/ground 0.5 / train/loss/ndnf_aux 0.5 / train/loss/symbolic 1.0 / train/loss/rew 0.1 / train/loss/con 0.1 / train/loss/policy -0.0 / train/loss/value 0.5 / train/loss/repval 1.6 / train/opt/loss 3.9 / train/opt/lr 0.0 / train/opt/grad_scale 8192.0 / train/opt/updates 1719.0 / fps/fps 49.2
[55386] episode/score 0.0 / episode/length 360.0
[55746] episode/score 0.0 / episode/length 360.0
[56106] episode/score 0.0 / episode/length 360.0
[56466] episode/score 0.0 / episode/length 360.0
[56826] episode/score 0.0 / episode/length 360.0
[57186] episode/score 0.0 / episode/length 360.0
[57546] episode/score 0.0 / episode/length 360.0
[57906] episode/score 0.0 / episode/length 360.0
[58266] episode/score 0.0 / episode/length 360.0
[58626] episode/score 0.0 / episode/length 360.0
[58986] episode/score 0.0 / episode/length 360.0
[59346] episode/score 0.0 / episode/length 360.0
[59706] episode/score 0.0 / episode/length 360.0
Evaluating the policy...
[60000] episode/eval_score 0.0 / episode/eval_length 360.0
[60066] train/ndnf_delta 0.3 / train/dyn_entropy 7.1 / train/rep_entropy 6.4 / train/act_entropy_coef 0.0 / train/ret 0.0 / train/ret_005 0.5 / train/ret_095 0.6 / train/adv -0.0 / train/adv_std 0.0 / train/con 1.0 / train/rew 0.0 / train/val 0.5 / train/tar 0.5 / train/slowval 0.6 / train/weight 0.7 / train/action_entropy 0.4 / train/action_mean 0.2 / train/action_std 0.4 / train/action_min 0.0 / train/action_max 1.0 / train/ret_replay_mean 0.6 / train/ret_replay_std 0.2 / train/ret_replay_min 0.5 / train/ret_replay_max 1.0 / train/value_replay_mean 0.6 / train/value_replay_std 0.0 / train/value_replay_min 0.5 / train/value_replay_max 0.7 / train/slow_value_replay_mean 0.6 / train/slow_value_replay_std 0.0 / train/slow_value_replay_min 0.6 / train/slow_value_replay_max 0.7 / train/loss/dyn 1.1 / train/loss/rep 1.1 / train/loss/ground 0.5 / train/loss/ndnf_aux 0.5 / train/loss/symbolic 0.9 / train/loss/rew 0.2 / train/loss/con 0.1 / train/loss/policy -0.0 / train/loss/value 0.9 / train/loss/repval 1.7 / train/opt/loss 4.2 / train/opt/lr 0.0 / train/opt/grad_scale 8192.0 / train/opt/updates 1875.0 / fps/fps 47.7
[60066] episode/score 0.0 / episode/length 360.0
[60426] episode/score 0.0 / episode/length 360.0
[60786] episode/score 0.0 / episode/length 360.0
[61146] episode/score 0.0 / episode/length 360.0
[61506] episode/score 0.0 / episode/length 360.0
[61866] episode/score 0.0 / episode/length 360.0
[62226] episode/score 0.0 / episode/length 360.0
[62586] episode/score 0.0 / episode/length 360.0
[62946] episode/score 0.0 / episode/length 360.0
[63306] episode/score 0.0 / episode/length 360.0
[63666] episode/score 0.0 / episode/length 360.0
[64026] episode/score 0.0 / episode/length 360.0
[64386] episode/score 0.0 / episode/length 360.0
[64746] episode/score 0.0 / episode/length 360.0
[65066] train/ndnf_delta 0.4 / train/dyn_entropy 6.7 / train/rep_entropy 6.0 / train/act_entropy_coef 0.0 / train/ret 0.0 / train/ret_005 0.5 / train/ret_095 0.5 / train/adv -0.0 / train/adv_std 0.0 / train/con 1.0 / train/rew 0.0 / train/val 0.5 / train/tar 0.5 / train/slowval 0.5 / train/weight 0.7 / train/action_entropy 0.3 / train/action_mean 0.2 / train/action_std 0.4 / train/action_min 0.0 / train/action_max 1.0 / train/ret_replay_mean 0.6 / train/ret_replay_std 0.2 / train/ret_replay_min 0.4 / train/ret_replay_max 1.0 / train/value_replay_mean 0.6 / train/value_replay_std 0.1 / train/value_replay_min 0.5 / train/value_replay_max 0.8 / train/slow_value_replay_mean 0.6 / train/slow_value_replay_std 0.1 / train/slow_value_replay_min 0.5 / train/slow_value_replay_max 0.8 / train/loss/dyn 1.0 / train/loss/rep 1.0 / train/loss/ground 0.4 / train/loss/ndnf_aux 0.5 / train/loss/symbolic 1.0 / train/loss/rew 0.1 / train/loss/con 0.1 / train/loss/policy -0.0 / train/loss/value 1.0 / train/loss/repval 1.8 / train/opt/loss 4.4 / train/opt/lr 0.0 / train/opt/grad_scale 16384.0 / train/opt/updates 2032.0 / fps/fps 50.3
[65106] episode/score 0.0 / episode/length 360.0
[65466] episode/score 0.0 / episode/length 360.0
[65826] episode/score 0.0 / episode/length 360.0
[66186] episode/score 0.0 / episode/length 360.0
[66546] episode/score 0.0 / episode/length 360.0
[66906] episode/score 0.0 / episode/length 360.0
[67266] episode/score 0.0 / episode/length 360.0
[67626] episode/score 0.0 / episode/length 360.0
[67986] episode/score 0.0 / episode/length 360.0
[68346] episode/score 0.0 / episode/length 360.0
[68706] episode/score 0.0 / episode/length 360.0
[69066] episode/score 0.0 / episode/length 360.0
[69426] episode/score 0.0 / episode/length 360.0
[69786] episode/score 0.0 / episode/length 360.0
Evaluating the policy...
[70000] episode/eval_score 0.0 / episode/eval_length 360.0
[70066] train/ndnf_delta 0.5 / train/dyn_entropy 6.6 / train/rep_entropy 5.8 / train/act_entropy_coef 0.0 / train/ret -0.0 / train/ret_005 0.4 / train/ret_095 0.5 / train/adv -0.0 / train/adv_std 0.0 / train/con 1.0 / train/rew 0.0 / train/val 0.4 / train/tar 0.4 / train/slowval 0.5 / train/weight 0.7 / train/action_entropy 0.3 / train/action_mean 0.2 / train/action_std 0.4 / train/action_min 0.0 / train/action_max 1.0 / train/ret_replay_mean 0.5 / train/ret_replay_std 0.2 / train/ret_replay_min 0.4 / train/ret_replay_max 1.0 / train/value_replay_mean 0.5 / train/value_replay_std 0.1 / train/value_replay_min 0.4 / train/value_replay_max 0.8 / train/slow_value_replay_mean 0.5 / train/slow_value_replay_std 0.1 / train/slow_value_replay_min 0.4 / train/slow_value_replay_max 0.7 / train/loss/dyn 1.0 / train/loss/rep 1.0 / train/loss/ground 0.4 / train/loss/ndnf_aux 0.5 / train/loss/symbolic 0.9 / train/loss/rew 0.1 / train/loss/con 0.1 / train/loss/policy -0.0 / train/loss/value 1.0 / train/loss/repval 1.5 / train/opt/loss 4.0 / train/opt/lr 0.0 / train/opt/grad_scale 16384.0 / train/opt/updates 2188.0 / fps/fps 49.0
[70146] episode/score 0.0 / episode/length 360.0
[70506] episode/score 0.0 / episode/length 360.0
[70866] episode/score 0.0 / episode/length 360.0
[71226] episode/score 0.0 / episode/length 360.0
[71586] episode/score 0.0 / episode/length 360.0
[71946] episode/score 0.0 / episode/length 360.0
[72306] episode/score 0.0 / episode/length 360.0
[72666] episode/score 0.0 / episode/length 360.0
[73026] episode/score 0.0 / episode/length 360.0
[73386] episode/score 0.0 / episode/length 360.0
[73746] episode/score 0.0 / episode/length 360.0
[74106] episode/score 0.0 / episode/length 360.0
[74466] episode/score 0.0 / episode/length 360.0
[74826] episode/score 0.0 / episode/length 360.0
[75066] train/ndnf_delta 0.6 / train/dyn_entropy 6.2 / train/rep_entropy 5.5 / train/act_entropy_coef 0.0 / train/ret -0.0 / train/ret_005 0.4 / train/ret_095 0.4 / train/adv -0.0 / train/adv_std 0.0 / train/con 1.0 / train/rew 0.0 / train/val 0.4 / train/tar 0.4 / train/slowval 0.4 / train/weight 0.8 / train/action_entropy 0.4 / train/action_mean 0.2 / train/action_std 0.4 / train/action_min 0.0 / train/action_max 1.0 / train/ret_replay_mean 0.5 / train/ret_replay_std 0.2 / train/ret_replay_min 0.4 / train/ret_replay_max 1.0 / train/value_replay_mean 0.5 / train/value_replay_std 0.1 / train/value_replay_min 0.4 / train/value_replay_max 0.7 / train/slow_value_replay_mean 0.5 / train/slow_value_replay_std 0.1 / train/slow_value_replay_min 0.4 / train/slow_value_replay_max 0.8 / train/loss/dyn 1.0 / train/loss/rep 1.0 / train/loss/ground 0.5 / train/loss/ndnf_aux 0.5 / train/loss/symbolic 0.8 / train/loss/rew 0.1 / train/loss/con 0.1 / train/loss/policy -0.0 / train/loss/value 0.7 / train/loss/repval 1.6 / train/opt/loss 3.7 / train/opt/lr 0.0 / train/opt/grad_scale 16384.0 / train/opt/updates 2344.0 / fps/fps 51.2
[75186] episode/score 0.0 / episode/length 360.0
[75546] episode/score 0.0 / episode/length 360.0
[75906] episode/score 0.0 / episode/length 360.0
[76266] episode/score 0.0 / episode/length 360.0
[76626] episode/score 0.0 / episode/length 360.0
[76986] episode/score 0.0 / episode/length 360.0
[77346] episode/score 0.0 / episode/length 360.0
[77706] episode/score 0.0 / episode/length 360.0
[78066] episode/score 0.0 / episode/length 360.0
[78426] episode/score 0.0 / episode/length 360.0
[78786] episode/score 0.0 / episode/length 360.0
[79146] episode/score 0.0 / episode/length 360.0
[79506] episode/score 0.0 / episode/length 360.0
[79866] episode/score 0.0 / episode/length 360.0
Evaluating the policy...
[80000] episode/eval_score 0.0 / episode/eval_length 360.0
[80066] train/ndnf_delta 0.7 / train/dyn_entropy 6.0 / train/rep_entropy 5.5 / train/act_entropy_coef 0.0 / train/ret 0.0 / train/ret_005 0.4 / train/ret_095 0.4 / train/adv -0.0 / train/adv_std 0.0 / train/con 1.0 / train/rew 0.0 / train/val 0.4 / train/tar 0.4 / train/slowval 0.4 / train/weight 0.8 / train/action_entropy 0.4 / train/action_mean 0.2 / train/action_std 0.4 / train/action_min 0.0 / train/action_max 1.0 / train/ret_replay_mean 0.4 / train/ret_replay_std 0.1 / train/ret_replay_min 0.3 / train/ret_replay_max 1.0 / train/value_replay_mean 0.4 / train/value_replay_std 0.1 / train/value_replay_min 0.4 / train/value_replay_max 0.7 / train/slow_value_replay_mean 0.4 / train/slow_value_replay_std 0.1 / train/slow_value_replay_min 0.4 / train/slow_value_replay_max 0.7 / train/loss/dyn 1.0 / train/loss/rep 1.0 / train/loss/ground 0.4 / train/loss/ndnf_aux 0.5 / train/loss/symbolic 0.8 / train/loss/rew 0.0 / train/loss/con 0.0 / train/loss/policy -0.0 / train/loss/value 0.5 / train/loss/repval 1.5 / train/opt/loss 3.4 / train/opt/lr 0.0 / train/opt/grad_scale 16384.0 / train/opt/updates 2500.0 / fps/fps 51.0
[80226] episode/score 0.0 / episode/length 360.0
[80586] episode/score 0.0 / episode/length 360.0
[80946] episode/score 0.0 / episode/length 360.0
[81306] episode/score 0.0 / episode/length 360.0
[81666] episode/score 0.0 / episode/length 360.0
[82026] episode/score 0.0 / episode/length 360.0
[82386] episode/score 0.0 / episode/length 360.0
[82746] episode/score 0.0 / episode/length 360.0
[83106] episode/score 0.0 / episode/length 360.0
[83466] episode/score 0.0 / episode/length 360.0
[83826] episode/score 0.0 / episode/length 360.0
[84186] episode/score 0.0 / episode/length 360.0
[84546] episode/score 0.0 / episode/length 360.0
[84906] episode/score 0.0 / episode/length 360.0
[85066] train/ndnf_delta 0.7 / train/dyn_entropy 5.2 / train/rep_entropy 5.4 / train/act_entropy_coef 0.0 / train/ret -0.0 / train/ret_005 0.3 / train/ret_095 0.4 / train/adv -0.0 / train/adv_std 0.0 / train/con 1.0 / train/rew 0.0 / train/val 0.3 / train/tar 0.3 / train/slowval 0.4 / train/weight 0.8 / train/action_entropy 0.6 / train/action_mean 0.2 / train/action_std 0.4 / train/action_min 0.0 / train/action_max 1.0 / train/ret_replay_mean 0.5 / train/ret_replay_std 0.2 / train/ret_replay_min 0.3 / train/ret_replay_max 1.0 / train/value_replay_mean 0.4 / train/value_replay_std 0.1 / train/value_replay_min 0.3 / train/value_replay_max 0.6 / train/slow_value_replay_mean 0.5 / train/slow_value_replay_std 0.1 / train/slow_value_replay_min 0.3 / train/slow_value_replay_max 0.6 / train/loss/dyn 1.0 / train/loss/rep 1.0 / train/loss/ground 0.6 / train/loss/ndnf_aux 0.5 / train/loss/symbolic 1.0 / train/loss/rew 0.1 / train/loss/con 0.1 / train/loss/policy -0.0 / train/loss/value 0.8 / train/loss/repval 2.1 / train/opt/loss 4.4 / train/opt/lr 0.0 / train/opt/grad_scale 16384.0 / train/opt/updates 2657.0 / fps/fps 51.8
[85266] episode/score 0.0 / episode/length 360.0
[85626] episode/score 0.0 / episode/length 360.0
[85986] episode/score 0.0 / episode/length 360.0
[86346] episode/score 0.0 / episode/length 360.0
[86706] episode/score 0.0 / episode/length 360.0
[87066] episode/score 0.0 / episode/length 360.0
[87426] episode/score 0.0 / episode/length 360.0
[87786] episode/score 0.0 / episode/length 360.0
[88146] episode/score 0.0 / episode/length 360.0
[88506] episode/score 0.0 / episode/length 360.0
[88866] episode/score 0.0 / episode/length 360.0
[89226] episode/score 0.0 / episode/length 360.0
[89586] episode/score 0.0 / episode/length 360.0
[89946] episode/score 0.0 / episode/length 360.0
Evaluating the policy...
[90000] episode/eval_score 0.0 / episode/eval_length 360.0
[90066] train/ndnf_delta 0.9 / train/dyn_entropy 3.8 / train/rep_entropy 5.0 / train/act_entropy_coef 0.0 / train/ret -0.0 / train/ret_005 0.3 / train/ret_095 0.3 / train/adv -0.0 / train/adv_std 0.0 / train/con 1.0 / train/rew 0.0 / train/val 0.3 / train/tar 0.3 / train/slowval 0.3 / train/weight 0.8 / train/action_entropy 0.7 / train/action_mean 0.2 / train/action_std 0.4 / train/action_min 0.0 / train/action_max 1.0 / train/ret_replay_mean 0.3 / train/ret_replay_std 0.1 / train/ret_replay_min 0.3 / train/ret_replay_max 1.0 / train/value_replay_mean 0.4 / train/value_replay_std 0.1 / train/value_replay_min 0.3 / train/value_replay_max 0.6 / train/slow_value_replay_mean 0.5 / train/slow_value_replay_std 0.1 / train/slow_value_replay_min 0.3 / train/slow_value_replay_max 0.6 / train/loss/dyn 1.0 / train/loss/rep 1.0 / train/loss/ground 0.9 / train/loss/ndnf_aux 0.5 / train/loss/symbolic 1.1 / train/loss/rew 0.0 / train/loss/con 0.0 / train/loss/policy -0.0 / train/loss/value 1.1 / train/loss/repval 2.2 / train/opt/loss 4.9 / train/opt/lr 0.0 / train/opt/grad_scale 16384.0 / train/opt/updates 2813.0 / fps/fps 48.8
[90306] episode/score 0.0 / episode/length 360.0
[90666] episode/score 0.0 / episode/length 360.0
[91026] episode/score 0.0 / episode/length 360.0
[91386] episode/score 0.0 / episode/length 360.0
[91746] episode/score 0.0 / episode/length 360.0
[92106] episode/score 0.0 / episode/length 360.0
[92466] episode/score 0.0 / episode/length 360.0
[92826] episode/score 0.0 / episode/length 360.0
[93186] episode/score 0.0 / episode/length 360.0
[93546] episode/score 0.0 / episode/length 360.0
[93906] episode/score 0.0 / episode/length 360.0
[94266] episode/score 0.0 / episode/length 360.0
[94626] episode/score 0.0 / episode/length 360.0
[94986] episode/score 0.0 / episode/length 360.0
[95066] train/ndnf_delta 1.0 / train/dyn_entropy 2.9 / train/rep_entropy 4.5 / train/act_entropy_coef 0.0 / train/ret -0.0 / train/ret_005 0.3 / train/ret_095 0.3 / train/adv -0.0 / train/adv_std 0.0 / train/con 1.0 / train/rew 0.0 / train/val 0.3 / train/tar 0.3 / train/slowval 0.3 / train/weight 0.8 / train/action_entropy 0.7 / train/action_mean 0.2 / train/action_std 0.4 / train/action_min 0.0 / train/action_max 1.0 / train/ret_replay_mean 0.4 / train/ret_replay_std 0.2 / train/ret_replay_min 0.2 / train/ret_replay_max 1.0 / train/value_replay_mean 0.4 / train/value_replay_std 0.0 / train/value_replay_min 0.3 / train/value_replay_max 0.5 / train/slow_value_replay_mean 0.4 / train/slow_value_replay_std 0.1 / train/slow_value_replay_min 0.3 / train/slow_value_replay_max 0.6 / train/loss/dyn 1.0 / train/loss/rep 1.0 / train/loss/ground 0.9 / train/loss/ndnf_aux 0.5 / train/loss/symbolic 0.9 / train/loss/rew 0.1 / train/loss/con 0.1 / train/loss/policy -0.0 / train/loss/value 1.2 / train/loss/repval 2.2 / train/opt/loss 5.0 / train/opt/lr 0.0 / train/opt/grad_scale 16384.0 / train/opt/updates 2969.0 / fps/fps 50.6
[95346] episode/score 0.0 / episode/length 360.0
[95673] episode/score 0.2 / episode/length 327.0
[96033] episode/score 0.0 / episode/length 360.0
[96393] episode/score 0.0 / episode/length 360.0
[96753] episode/score 0.0 / episode/length 360.0
[97113] episode/score 0.0 / episode/length 360.0
[97473] episode/score 0.0 / episode/length 360.0
[97833] episode/score 0.0 / episode/length 360.0
[98193] episode/score 0.0 / episode/length 360.0
[98553] episode/score 0.0 / episode/length 360.0
[98913] episode/score 0.0 / episode/length 360.0
[99273] episode/score 0.0 / episode/length 360.0
[99633] episode/score 0.0 / episode/length 360.0
[99993] episode/score 0.0 / episode/length 360.0
Evaluating the policy...
[100000] episode/eval_score 0.0 / episode/eval_length 360.0
[100066] train/ndnf_delta 1.2 / train/dyn_entropy 1.4 / train/rep_entropy 2.8 / train/act_entropy_coef 0.0 / train/ret -0.0 / train/ret_005 0.2 / train/ret_095 0.3 / train/adv -0.0 / train/adv_std 0.0 / train/con 1.0 / train/rew 0.0 / train/val 0.3 / train/tar 0.2 / train/slowval 0.3 / train/weight 0.8 / train/action_entropy 0.8 / train/action_mean 0.2 / train/action_std 0.4 / train/action_min 0.0 / train/action_max 1.0 / train/ret_replay_mean 0.3 / train/ret_replay_std 0.2 / train/ret_replay_min 0.2 / train/ret_replay_max 1.0 / train/value_replay_mean 0.4 / train/value_replay_std 0.0 / train/value_replay_min 0.3 / train/value_replay_max 0.5 / train/slow_value_replay_mean 0.4 / train/slow_value_replay_std 0.0 / train/slow_value_replay_min 0.3 / train/slow_value_replay_max 0.5 / train/loss/dyn 1.0 / train/loss/rep 1.0 / train/loss/ground 1.6 / train/loss/ndnf_aux 0.5 / train/loss/symbolic 0.9 / train/loss/rew 0.1 / train/loss/con 0.0 / train/loss/policy -0.0 / train/loss/value 1.1 / train/loss/repval 2.0 / train/opt/loss 5.3 / train/opt/lr 0.0 / train/opt/grad_scale 16384.0 / train/opt/updates 3125.0 / fps/fps 48.2
[100353] episode/score 0.0 / episode/length 360.0
[100713] episode/score 0.0 / episode/length 360.0
[101073] episode/score 0.0 / episode/length 360.0
[101433] episode/score 0.0 / episode/length 360.0
[101793] episode/score 0.0 / episode/length 360.0
[102153] episode/score 0.0 / episode/length 360.0
[102513] episode/score 0.0 / episode/length 360.0
[102873] episode/score 0.0 / episode/length 360.0
[103233] episode/score 0.0 / episode/length 360.0
[103593] episode/score 0.0 / episode/length 360.0
[103953] episode/score 0.0 / episode/length 360.0
[104313] episode/score 0.0 / episode/length 360.0
[104673] episode/score 0.0 / episode/length 360.0
[105033] episode/score 0.0 / episode/length 360.0
[105066] train/ndnf_delta 1.3 / train/dyn_entropy 1.0 / train/rep_entropy 2.3 / train/act_entropy_coef 0.0 / train/ret 0.0 / train/ret_005 0.2 / train/ret_095 0.2 / train/adv -0.0 / train/adv_std 0.0 / train/con 1.0 / train/rew 0.0 / train/val 0.2 / train/tar 0.2 / train/slowval 0.2 / train/weight 0.8 / train/action_entropy 0.9 / train/action_mean 0.2 / train/action_std 0.4 / train/action_min 0.0 / train/action_max 1.0 / train/ret_replay_mean 0.3 / train/ret_replay_std 0.2 / train/ret_replay_min 0.2 / train/ret_replay_max 1.0 / train/value_replay_mean 0.3 / train/value_replay_std 0.0 / train/value_replay_min 0.2 / train/value_replay_max 0.4 / train/slow_value_replay_mean 0.3 / train/slow_value_replay_std 0.0 / train/slow_value_replay_min 0.3 / train/slow_value_replay_max 0.4 / train/loss/dyn 1.0 / train/loss/rep 1.0 / train/loss/ground 1.8 / train/loss/ndnf_aux 0.5 / train/loss/symbolic 0.9 / train/loss/rew 0.0 / train/loss/con 0.0 / train/loss/policy -0.0 / train/loss/value 1.0 / train/loss/repval 1.8 / train/opt/loss 5.4 / train/opt/lr 0.0 / train/opt/grad_scale 16384.0 / train/opt/updates 3282.0 / fps/fps 48.7
[105393] episode/score 0.0 / episode/length 360.0
[105691] episode/score 0.3 / episode/length 298.0
[106051] episode/score 0.0 / episode/length 360.0
[106411] episode/score 0.0 / episode/length 360.0
[106771] episode/score 0.0 / episode/length 360.0
[107131] episode/score 0.0 / episode/length 360.0
[107491] episode/score 0.0 / episode/length 360.0
[107851] episode/score 0.0 / episode/length 360.0
[108211] episode/score 0.0 / episode/length 360.0
[108571] episode/score 0.0 / episode/length 360.0
[108931] episode/score 0.0 / episode/length 360.0
[109291] episode/score 0.0 / episode/length 360.0
[109651] episode/score 0.0 / episode/length 360.0
Evaluating the policy...
[110000] episode/eval_score 0.0 / episode/eval_length 360.0
[110011] episode/score 0.0 / episode/length 360.0
[110066] train/ndnf_delta 1.6 / train/dyn_entropy 0.6 / train/rep_entropy 1.2 / train/act_entropy_coef 0.0 / train/ret 0.0 / train/ret_005 0.2 / train/ret_095 0.2 / train/adv -0.0 / train/adv_std 0.0 / train/con 1.0 / train/rew 0.0 / train/val 0.2 / train/tar 0.2 / train/slowval 0.2 / train/weight 0.8 / train/action_entropy 1.2 / train/action_mean 0.2 / train/action_std 0.4 / train/action_min 0.0 / train/action_max 1.0 / train/ret_replay_mean 0.3 / train/ret_replay_std 0.2 / train/ret_replay_min 0.2 / train/ret_replay_max 1.0 / train/value_replay_mean 0.3 / train/value_replay_std 0.0 / train/value_replay_min 0.2 / train/value_replay_max 0.3 / train/slow_value_replay_mean 0.3 / train/slow_value_replay_std 0.0 / train/slow_value_replay_min 0.2 / train/slow_value_replay_max 0.3 / train/loss/dyn 1.0 / train/loss/rep 1.0 / train/loss/ground 2.4 / train/loss/ndnf_aux 0.5 / train/loss/symbolic 0.9 / train/loss/rew 0.1 / train/loss/con 0.1 / train/loss/policy -0.0 / train/loss/value 0.8 / train/loss/repval 1.8 / train/opt/loss 5.8 / train/opt/lr 0.0 / train/opt/grad_scale 16384.0 / train/opt/updates 3438.0 / fps/fps 48.2
[110371] episode/score 0.0 / episode/length 360.0
[110731] episode/score 0.0 / episode/length 360.0
[111006] episode/score 0.3 / episode/length 275.0
[111366] episode/score 0.0 / episode/length 360.0
[111726] episode/score 0.0 / episode/length 360.0
[112086] episode/score 0.0 / episode/length 360.0
[112446] episode/score 0.0 / episode/length 360.0
[112806] episode/score 0.0 / episode/length 360.0
[113166] episode/score 0.0 / episode/length 360.0
[113472] episode/score 0.2 / episode/length 306.0
[113832] episode/score 0.0 / episode/length 360.0
[114192] episode/score 0.0 / episode/length 360.0
[114552] episode/score 0.0 / episode/length 360.0
[114912] episode/score 0.0 / episode/length 360.0
[115066] train/ndnf_delta 1.7 / train/dyn_entropy 0.6 / train/rep_entropy 1.1 / train/act_entropy_coef 0.0 / train/ret 0.0 / train/ret_005 0.2 / train/ret_095 0.2 / train/adv -0.0 / train/adv_std 0.0 / train/con 1.0 / train/rew 0.0 / train/val 0.2 / train/tar 0.2 / train/slowval 0.2 / train/weight 0.8 / train/action_entropy 1.2 / train/action_mean 0.2 / train/action_std 0.4 / train/action_min 0.0 / train/action_max 1.0 / train/ret_replay_mean 0.3 / train/ret_replay_std 0.2 / train/ret_replay_min 0.2 / train/ret_replay_max 1.0 / train/value_replay_mean 0.2 / train/value_replay_std 0.0 / train/value_replay_min 0.2 / train/value_replay_max 0.3 / train/slow_value_replay_mean 0.3 / train/slow_value_replay_std 0.0 / train/slow_value_replay_min 0.2 / train/slow_value_replay_max 0.3 / train/loss/dyn 1.0 / train/loss/rep 1.0 / train/loss/ground 2.5 / train/loss/ndnf_aux 0.4 / train/loss/symbolic 0.9 / train/loss/rew 0.1 / train/loss/con 0.1 / train/loss/policy -0.0 / train/loss/value 0.7 / train/loss/repval 1.8 / train/opt/loss 5.9 / train/opt/lr 0.0 / train/opt/grad_scale 16384.0 / train/opt/updates 3594.0 / fps/fps 53.1
[115272] episode/score 0.0 / episode/length 360.0
[115632] episode/score 0.0 / episode/length 360.0
[115992] episode/score 0.0 / episode/length 360.0
[116352] episode/score 0.0 / episode/length 360.0
[116712] episode/score 0.0 / episode/length 360.0
[117072] episode/score 0.0 / episode/length 360.0
[117432] episode/score 0.0 / episode/length 360.0
[117792] episode/score 0.0 / episode/length 360.0
[118152] episode/score 0.0 / episode/length 360.0
[118512] episode/score 0.0 / episode/length 360.0
[118872] episode/score 0.0 / episode/length 360.0
[119232] episode/score 0.0 / episode/length 360.0
[119592] episode/score 0.0 / episode/length 360.0
[119952] episode/score 0.0 / episode/length 360.0
Evaluating the policy...
[120000] episode/eval_score 0.0 / episode/eval_length 360.0
[120066] train/ndnf_delta 2.1 / train/dyn_entropy 0.5 / train/rep_entropy 0.7 / train/act_entropy_coef 0.0 / train/ret 0.0 / train/ret_005 0.2 / train/ret_095 0.2 / train/adv -0.0 / train/adv_std 0.0 / train/con 1.0 / train/rew 0.0 / train/val 0.2 / train/tar 0.2 / train/slowval 0.2 / train/weight 0.8 / train/action_entropy 1.1 / train/action_mean 0.2 / train/action_std 0.4 / train/action_min 0.0 / train/action_max 1.0 / train/ret_replay_mean 0.3 / train/ret_replay_std 0.2 / train/ret_replay_min 0.2 / train/ret_replay_max 1.0 / train/value_replay_mean 0.3 / train/value_replay_std 0.0 / train/value_replay_min 0.2 / train/value_replay_max 0.3 / train/slow_value_replay_mean 0.3 / train/slow_value_replay_std 0.0 / train/slow_value_replay_min 0.2 / train/slow_value_replay_max 0.3 / train/loss/dyn 1.0 / train/loss/rep 1.0 / train/loss/ground 3.4 / train/loss/ndnf_aux 0.4 / train/loss/symbolic 1.0 / train/loss/rew 0.1 / train/loss/con 0.1 / train/loss/policy -0.0 / train/loss/value 0.6 / train/loss/repval 1.8 / train/opt/loss 6.7 / train/opt/lr 0.0 / train/opt/grad_scale 16384.0 / train/opt/updates 3750.0 / fps/fps 51.5
[120312] episode/score 0.0 / episode/length 360.0
[120672] episode/score 0.0 / episode/length 360.0
[121032] episode/score 0.0 / episode/length 360.0
[121392] episode/score 0.0 / episode/length 360.0
[121624] episode/score 0.4 / episode/length 232.0
[121984] episode/score 0.0 / episode/length 360.0
[122344] episode/score 0.0 / episode/length 360.0
[122704] episode/score 0.0 / episode/length 360.0
[123064] episode/score 0.0 / episode/length 360.0
[123424] episode/score 0.0 / episode/length 360.0
[123784] episode/score 0.0 / episode/length 360.0
[124144] episode/score 0.0 / episode/length 360.0
[124504] episode/score 0.0 / episode/length 360.0
[124864] episode/score 0.0 / episode/length 360.0
[125066] train/ndnf_delta 2.6 / train/dyn_entropy 0.5 / train/rep_entropy 0.6 / train/act_entropy_coef 0.0 / train/ret 0.0 / train/ret_005 0.2 / train/ret_095 0.2 / train/adv -0.0 / train/adv_std 0.0 / train/con 1.0 / train/rew 0.0 / train/val 0.2 / train/tar 0.2 / train/slowval 0.2 / train/weight 0.8 / train/action_entropy 1.1 / train/action_mean 0.2 / train/action_std 0.4 / train/action_min 0.0 / train/action_max 1.0 / train/ret_replay_mean 0.2 / train/ret_replay_std 0.2 / train/ret_replay_min 0.2 / train/ret_replay_max 1.0 / train/value_replay_mean 0.2 / train/value_replay_std 0.0 / train/value_replay_min 0.2 / train/value_replay_max 0.3 / train/slow_value_replay_mean 0.2 / train/slow_value_replay_std 0.0 / train/slow_value_replay_min 0.2 / train/slow_value_replay_max 0.3 / train/loss/dyn 1.0 / train/loss/rep 1.0 / train/loss/ground 3.9 / train/loss/ndnf_aux 0.4 / train/loss/symbolic 0.9 / train/loss/rew 0.0 / train/loss/con 0.0 / train/loss/policy -0.0 / train/loss/value 0.5 / train/loss/repval 1.4 / train/opt/loss 6.9 / train/opt/lr 0.0 / train/opt/grad_scale 16384.0 / train/opt/updates 3907.0 / fps/fps 52.1
[125224] episode/score 0.0 / episode/length 360.0
[125584] episode/score 0.0 / episode/length 360.0
[125944] episode/score 0.0 / episode/length 360.0
[126304] episode/score 0.0 / episode/length 360.0
[126664] episode/score 0.0 / episode/length 360.0
[127024] episode/score 0.0 / episode/length 360.0
[127384] episode/score 0.0 / episode/length 360.0
[127744] episode/score 0.0 / episode/length 360.0
[128104] episode/score 0.0 / episode/length 360.0
[128464] episode/score 0.0 / episode/length 360.0
[128824] episode/score 0.0 / episode/length 360.0
[129184] episode/score 0.0 / episode/length 360.0
[129544] episode/score 0.0 / episode/length 360.0
[129767] episode/score 0.4 / episode/length 223.0
Evaluating the policy...
[130000] episode/eval_score 0.0 / episode/eval_length 360.0
[130066] train/ndnf_delta 2.8 / train/dyn_entropy 0.5 / train/rep_entropy 0.6 / train/act_entropy_coef 0.0 / train/ret 0.0 / train/ret_005 0.2 / train/ret_095 0.2 / train/adv -0.0 / train/adv_std 0.0 / train/con 1.0 / train/rew 0.0 / train/val 0.2 / train/tar 0.2 / train/slowval 0.2 / train/weight 0.8 / train/action_entropy 1.1 / train/action_mean 0.2 / train/action_std 0.4 / train/action_min 0.0 / train/action_max 1.0 / train/ret_replay_mean 0.3 / train/ret_replay_std 0.2 / train/ret_replay_min 0.2 / train/ret_replay_max 1.0 / train/value_replay_mean 0.2 / train/value_replay_std 0.0 / train/value_replay_min 0.2 / train/value_replay_max 0.3 / train/slow_value_replay_mean 0.2 / train/slow_value_replay_std 0.0 / train/slow_value_replay_min 0.2 / train/slow_value_replay_max 0.3 / train/loss/dyn 1.0 / train/loss/rep 1.0 / train/loss/ground 4.1 / train/loss/ndnf_aux 0.4 / train/loss/symbolic 0.8 / train/loss/rew 0.1 / train/loss/con 0.1 / train/loss/policy -0.0 / train/loss/value 0.4 / train/loss/repval 1.5 / train/opt/loss 7.0 / train/opt/lr 0.0 / train/opt/grad_scale 32768.0 / train/opt/updates 4063.0 / fps/fps 49.6
[130127] episode/score 0.0 / episode/length 360.0
[130487] episode/score 0.0 / episode/length 360.0
[130847] episode/score 0.0 / episode/length 360.0
[131207] episode/score 0.0 / episode/length 360.0
[131567] episode/score 0.0 / episode/length 360.0
[131848] episode/score 0.3 / episode/length 281.0
[132208] episode/score 0.0 / episode/length 360.0
[132568] episode/score 0.0 / episode/length 360.0
[132928] episode/score 0.0 / episode/length 360.0
[133288] episode/score 0.0 / episode/length 360.0
[133648] episode/score 0.0 / episode/length 360.0
[133980] episode/score 0.2 / episode/length 332.0
[134340] episode/score 0.0 / episode/length 360.0
[134700] episode/score 0.0 / episode/length 360.0
[135060] episode/score 0.0 / episode/length 360.0
[135066] train/ndnf_delta 3.4 / train/dyn_entropy 0.5 / train/rep_entropy 0.5 / train/act_entropy_coef 0.0 / train/ret 0.0 / train/ret_005 0.2 / train/ret_095 0.2 / train/adv -0.0 / train/adv_std 0.0 / train/con 1.0 / train/rew 0.0 / train/val 0.2 / train/tar 0.2 / train/slowval 0.2 / train/weight 0.8 / train/action_entropy 1.0 / train/action_mean 0.2 / train/action_std 0.4 / train/action_min 0.0 / train/action_max 1.0 / train/ret_replay_mean 0.3 / train/ret_replay_std 0.2 / train/ret_replay_min 0.2 / train/ret_replay_max 1.0 / train/value_replay_mean 0.2 / train/value_replay_std 0.0 / train/value_replay_min 0.2 / train/value_replay_max 0.3 / train/slow_value_replay_mean 0.2 / train/slow_value_replay_std 0.0 / train/slow_value_replay_min 0.2 / train/slow_value_replay_max 0.3 / train/loss/dyn 1.0 / train/loss/rep 1.0 / train/loss/ground 4.2 / train/loss/ndnf_aux 0.4 / train/loss/symbolic 0.9 / train/loss/rew 0.1 / train/loss/con 0.1 / train/loss/policy -0.0 / train/loss/value 0.4 / train/loss/repval 1.5 / train/opt/loss 7.1 / train/opt/lr 0.0 / train/opt/grad_scale 32768.0 / train/opt/updates 4219.0 / fps/fps 50.8
[135420] episode/score 0.0 / episode/length 360.0
[135607] episode/score 0.5 / episode/length 187.0
[135967] episode/score 0.0 / episode/length 360.0
[136327] episode/score 0.0 / episode/length 360.0
[136687] episode/score 0.0 / episode/length 360.0
[137047] episode/score 0.0 / episode/length 360.0
[137317] episode/score 0.3 / episode/length 270.0
[137677] episode/score 0.0 / episode/length 360.0
[138011] episode/score 0.2 / episode/length 334.0
[138371] episode/score 0.0 / episode/length 360.0
[138731] episode/score 0.0 / episode/length 360.0
[139091] episode/score 0.0 / episode/length 360.0
[139451] episode/score 0.0 / episode/length 360.0
[139811] episode/score 0.0 / episode/length 360.0
Evaluating the policy...
[140000] episode/eval_score 0.0 / episode/eval_length 360.0
[140066] train/ndnf_delta 3.7 / train/dyn_entropy 0.5 / train/rep_entropy 0.5 / train/act_entropy_coef 0.0 / train/ret 0.0 / train/ret_005 0.2 / train/ret_095 0.2 / train/adv -0.0 / train/adv_std 0.0 / train/con 1.0 / train/rew 0.0 / train/val 0.2 / train/tar 0.2 / train/slowval 0.2 / train/weight 0.8 / train/action_entropy 1.1 / train/action_mean 0.2 / train/action_std 0.4 / train/action_min 0.0 / train/action_max 1.0 / train/ret_replay_mean 0.2 / train/ret_replay_std 0.2 / train/ret_replay_min 0.2 / train/ret_replay_max 1.0 / train/value_replay_mean 0.2 / train/value_replay_std 0.0 / train/value_replay_min 0.2 / train/value_replay_max 0.3 / train/slow_value_replay_mean 0.2 / train/slow_value_replay_std 0.0 / train/slow_value_replay_min 0.2 / train/slow_value_replay_max 0.3 / train/loss/dyn 1.0 / train/loss/rep 1.0 / train/loss/ground 4.4 / train/loss/ndnf_aux 0.4 / train/loss/symbolic 0.9 / train/loss/rew 0.1 / train/loss/con 0.0 / train/loss/policy -0.0 / train/loss/value 0.4 / train/loss/repval 1.3 / train/opt/loss 7.2 / train/opt/lr 0.0 / train/opt/grad_scale 32768.0 / train/opt/updates 4375.0 / fps/fps 48.8
[140171] episode/score 0.0 / episode/length 360.0
[140403] episode/score 0.4 / episode/length 232.0
[140763] episode/score 0.0 / episode/length 360.0
[141123] episode/score 0.0 / episode/length 360.0
[141483] episode/score 0.0 / episode/length 360.0
[141843] episode/score 0.0 / episode/length 360.0
[142203] episode/score 0.0 / episode/length 360.0
[142563] episode/score 0.0 / episode/length 360.0
[142923] episode/score 0.0 / episode/length 360.0
[143283] episode/score 0.0 / episode/length 360.0
[143643] episode/score 0.0 / episode/length 360.0
[144003] episode/score 0.0 / episode/length 360.0
[144363] episode/score 0.0 / episode/length 360.0
[144723] episode/score 0.0 / episode/length 360.0
[145066] train/ndnf_delta 4.0 / train/dyn_entropy 0.5 / train/rep_entropy 0.5 / train/act_entropy_coef 0.0 / train/ret 0.0 / train/ret_005 0.2 / train/ret_095 0.2 / train/adv -0.0 / train/adv_std 0.0 / train/con 1.0 / train/rew 0.0 / train/val 0.2 / train/tar 0.2 / train/slowval 0.2 / train/weight 0.8 / train/action_entropy 1.0 / train/action_mean 0.2 / train/action_std 0.4 / train/action_min 0.0 / train/action_max 1.0 / train/ret_replay_mean 0.2 / train/ret_replay_std 0.2 / train/ret_replay_min 0.2 / train/ret_replay_max 1.0 / train/value_replay_mean 0.2 / train/value_replay_std 0.0 / train/value_replay_min 0.2 / train/value_replay_max 0.3 / train/slow_value_replay_mean 0.2 / train/slow_value_replay_std 0.0 / train/slow_value_replay_min 0.2 / train/slow_value_replay_max 0.3 / train/loss/dyn 1.0 / train/loss/rep 1.0 / train/loss/ground 4.3 / train/loss/ndnf_aux 0.4 / train/loss/symbolic 0.8 / train/loss/rew 0.1 / train/loss/con 0.0 / train/loss/policy -0.0 / train/loss/value 0.4 / train/loss/repval 1.3 / train/opt/loss 7.0 / train/opt/lr 0.0 / train/opt/grad_scale 32768.0 / train/opt/updates 4532.0 / fps/fps 49.8
[145083] episode/score 0.0 / episode/length 360.0
[145443] episode/score 0.0 / episode/length 360.0
[145803] episode/score 0.0 / episode/length 360.0
[146163] episode/score 0.0 / episode/length 360.0
[146523] episode/score 0.0 / episode/length 360.0
[146883] episode/score 0.0 / episode/length 360.0
[147243] episode/score 0.0 / episode/length 360.0
[147603] episode/score 0.0 / episode/length 360.0
[147963] episode/score 0.0 / episode/length 360.0
[148092] episode/score 0.7 / episode/length 129.0
[148452] episode/score 0.0 / episode/length 360.0
[148805] episode/score 0.1 / episode/length 353.0
[149101] episode/score 0.3 / episode/length 296.0
[149461] episode/score 0.0 / episode/length 360.0
[149821] episode/score 0.0 / episode/length 360.0
Evaluating the policy...
[150000] episode/eval_score 0.0 / episode/eval_length 360.0
[150066] train/ndnf_delta 4.0 / train/dyn_entropy 0.5 / train/rep_entropy 0.6 / train/act_entropy_coef 0.0 / train/ret 0.0 / train/ret_005 0.2 / train/ret_095 0.2 / train/adv -0.0 / train/adv_std 0.0 / train/con 1.0 / train/rew 0.0 / train/val 0.2 / train/tar 0.2 / train/slowval 0.2 / train/weight 0.8 / train/action_entropy 1.0 / train/action_mean 0.2 / train/action_std 0.4 / train/action_min 0.0 / train/action_max 1.0 / train/ret_replay_mean 0.3 / train/ret_replay_std 0.2 / train/ret_replay_min 0.2 / train/ret_replay_max 1.0 / train/value_replay_mean 0.2 / train/value_replay_std 0.0 / train/value_replay_min 0.2 / train/value_replay_max 0.3 / train/slow_value_replay_mean 0.2 / train/slow_value_replay_std 0.0 / train/slow_value_replay_min 0.2 / train/slow_value_replay_max 0.3 / train/loss/dyn 1.0 / train/loss/rep 1.0 / train/loss/ground 4.1 / train/loss/ndnf_aux 0.4 / train/loss/symbolic 1.0 / train/loss/rew 0.1 / train/loss/con 0.1 / train/loss/policy -0.0 / train/loss/value 0.4 / train/loss/repval 1.5 / train/opt/loss 7.1 / train/opt/lr 0.0 / train/opt/grad_scale 32768.0 / train/opt/updates 4688.0 / fps/fps 48.3
[150181] episode/score 0.0 / episode/length 360.0
[150541] episode/score 0.0 / episode/length 360.0
[150901] episode/score 0.0 / episode/length 360.0
[151025] episode/score 0.7 / episode/length 124.0
[151385] episode/score 0.0 / episode/length 360.0
[151719] episode/score 0.2 / episode/length 334.0
[152079] episode/score 0.0 / episode/length 360.0
[152439] episode/score 0.0 / episode/length 360.0
[152791] episode/score 0.1 / episode/length 352.0
[153151] episode/score 0.0 / episode/length 360.0
[153511] episode/score 0.0 / episode/length 360.0
[153871] episode/score 0.0 / episode/length 360.0
[154231] episode/score 0.0 / episode/length 360.0
[154591] episode/score 0.0 / episode/length 360.0
[154951] episode/score 0.0 / episode/length 360.0
[155066] train/ndnf_delta 4.0 / train/dyn_entropy 0.5 / train/rep_entropy 0.6 / train/act_entropy_coef 0.0 / train/ret 0.0 / train/ret_005 0.2 / train/ret_095 0.2 / train/adv -0.0 / train/adv_std 0.0 / train/con 1.0 / train/rew 0.0 / train/val 0.2 / train/tar 0.2 / train/slowval 0.2 / train/weight 0.8 / train/action_entropy 0.9 / train/action_mean 0.2 / train/action_std 0.4 / train/action_min 0.0 / train/action_max 1.0 / train/ret_replay_mean 0.2 / train/ret_replay_std 0.2 / train/ret_replay_min 0.2 / train/ret_replay_max 1.0 / train/value_replay_mean 0.2 / train/value_replay_std 0.0 / train/value_replay_min 0.2 / train/value_replay_max 0.3 / train/slow_value_replay_mean 0.2 / train/slow_value_replay_std 0.0 / train/slow_value_replay_min 0.2 / train/slow_value_replay_max 0.2 / train/loss/dyn 1.0 / train/loss/rep 1.0 / train/loss/ground 3.8 / train/loss/ndnf_aux 0.4 / train/loss/symbolic 0.9 / train/loss/rew 0.1 / train/loss/con 0.0 / train/loss/policy -0.0 / train/loss/value 0.4 / train/loss/repval 1.3 / train/opt/loss 6.6 / train/opt/lr 0.0 / train/opt/grad_scale 32768.0 / train/opt/updates 4844.0 / fps/fps 49.7
[155311] episode/score 0.0 / episode/length 360.0
[155671] episode/score 0.0 / episode/length 360.0
[156031] episode/score 0.0 / episode/length 360.0
[156391] episode/score 0.0 / episode/length 360.0
[156724] episode/score 0.2 / episode/length 333.0
[157084] episode/score 0.0 / episode/length 360.0
[157444] episode/score 0.0 / episode/length 360.0
[157804] episode/score 0.0 / episode/length 360.0
[158164] episode/score 0.0 / episode/length 360.0
[158524] episode/score 0.0 / episode/length 360.0
[158884] episode/score 0.0 / episode/length 360.0
[159244] episode/score 0.0 / episode/length 360.0
[159604] episode/score 0.0 / episode/length 360.0
[159964] episode/score 0.0 / episode/length 360.0
Evaluating the policy...
[160000] episode/eval_score 0.0 / episode/eval_length 360.0
[160066] train/ndnf_delta 4.0 / train/dyn_entropy 0.5 / train/rep_entropy 0.7 / train/act_entropy_coef 0.0 / train/ret 0.0 / train/ret_005 0.2 / train/ret_095 0.2 / train/adv -0.0 / train/adv_std 0.0 / train/con 1.0 / train/rew 0.0 / train/val 0.2 / train/tar 0.2 / train/slowval 0.2 / train/weight 0.8 / train/action_entropy 1.0 / train/action_mean 0.2 / train/action_std 0.4 / train/action_min 0.0 / train/action_max 1.0 / train/ret_replay_mean 0.2 / train/ret_replay_std 0.1 / train/ret_replay_min 0.2 / train/ret_replay_max 1.0 / train/value_replay_mean 0.2 / train/value_replay_std 0.0 / train/value_replay_min 0.2 / train/value_replay_max 0.3 / train/slow_value_replay_mean 0.2 / train/slow_value_replay_std 0.0 / train/slow_value_replay_min 0.2 / train/slow_value_replay_max 0.2 / train/loss/dyn 1.0 / train/loss/rep 1.0 / train/loss/ground 3.5 / train/loss/ndnf_aux 0.4 / train/loss/symbolic 0.9 / train/loss/rew 0.0 / train/loss/con 0.0 / train/loss/policy -0.0 / train/loss/value 0.4 / train/loss/repval 1.1 / train/opt/loss 6.2 / train/opt/lr 0.0 / train/opt/grad_scale 32768.0 / train/opt/updates 5000.0 / fps/fps 48.0
[160324] episode/score 0.0 / episode/length 360.0
[160684] episode/score 0.0 / episode/length 360.0
[161044] episode/score 0.0 / episode/length 360.0
[161404] episode/score 0.0 / episode/length 360.0
[161764] episode/score 0.0 / episode/length 360.0
[162124] episode/score 0.0 / episode/length 360.0
[162484] episode/score 0.0 / episode/length 360.0
[162844] episode/score 0.0 / episode/length 360.0
[163204] episode/score 0.0 / episode/length 360.0
[163564] episode/score 0.0 / episode/length 360.0
[163924] episode/score 0.0 / episode/length 360.0
[164075] episode/score 0.6 / episode/length 151.0
[164435] episode/score 0.0 / episode/length 360.0
[164795] episode/score 0.0 / episode/length 360.0
[165066] train/ndnf_delta 4.0 / train/dyn_entropy 0.5 / train/rep_entropy 0.8 / train/act_entropy_coef 0.0 / train/ret 0.0 / train/ret_005 0.2 / train/ret_095 0.2 / train/adv -0.0 / train/adv_std 0.0 / train/con 1.0 / train/rew 0.0 / train/val 0.2 / train/tar 0.2 / train/slowval 0.2 / train/weight 0.8 / train/action_entropy 0.9 / train/action_mean 0.2 / train/action_std 0.4 / train/action_min 0.0 / train/action_max 1.0 / train/ret_replay_mean 0.2 / train/ret_replay_std 0.2 / train/ret_replay_min 0.2 / train/ret_replay_max 1.0 / train/value_replay_mean 0.2 / train/value_replay_std 0.0 / train/value_replay_min 0.2 / train/value_replay_max 0.3 / train/slow_value_replay_mean 0.2 / train/slow_value_replay_std 0.0 / train/slow_value_replay_min 0.2 / train/slow_value_replay_max 0.3 / train/loss/dyn 1.0 / train/loss/rep 1.0 / train/loss/ground 3.2 / train/loss/ndnf_aux 0.4 / train/loss/symbolic 0.9 / train/loss/rew 0.0 / train/loss/con 0.0 / train/loss/policy -0.0 / train/loss/value 0.5 / train/loss/repval 1.3 / train/opt/loss 6.1 / train/opt/lr 0.0 / train/opt/grad_scale 32768.0 / train/opt/updates 5157.0 / fps/fps 52.1
[165155] episode/score 0.0 / episode/length 360.0
[165247] episode/score 0.8 / episode/length 92.0
[165607] episode/score 0.0 / episode/length 360.0
[165967] episode/score 0.0 / episode/length 360.0
[166327] episode/score 0.0 / episode/length 360.0
[166687] episode/score 0.0 / episode/length 360.0
[167047] episode/score 0.0 / episode/length 360.0
[167407] episode/score 0.0 / episode/length 360.0
[167767] episode/score 0.0 / episode/length 360.0
[168127] episode/score 0.0 / episode/length 360.0
[168487] episode/score 0.0 / episode/length 360.0
[168847] episode/score 0.0 / episode/length 360.0
[169207] episode/score 0.0 / episode/length 360.0
[169567] episode/score 0.0 / episode/length 360.0
[169927] episode/score 0.0 / episode/length 360.0
Evaluating the policy...
[170000] episode/eval_score 0.0 / episode/eval_length 360.0
[170066] train/ndnf_delta 4.0 / train/dyn_entropy 0.5 / train/rep_entropy 0.9 / train/act_entropy_coef 0.0 / train/ret 0.0 / train/ret_005 0.2 / train/ret_095 0.2 / train/adv -0.0 / train/adv_std 0.0 / train/con 1.0 / train/rew 0.0 / train/val 0.2 / train/tar 0.2 / train/slowval 0.2 / train/weight 0.8 / train/action_entropy 0.9 / train/action_mean 0.2 / train/action_std 0.4 / train/action_min 0.0 / train/action_max 1.0 / train/ret_replay_mean 0.2 / train/ret_replay_std 0.1 / train/ret_replay_min 0.2 / train/ret_replay_max 1.0 / train/value_replay_mean 0.2 / train/value_replay_std 0.0 / train/value_replay_min 0.2 / train/value_replay_max 0.3 / train/slow_value_replay_mean 0.2 / train/slow_value_replay_std 0.0 / train/slow_value_replay_min 0.2 / train/slow_value_replay_max 0.3 / train/loss/dyn 1.0 / train/loss/rep 1.0 / train/loss/ground 3.1 / train/loss/ndnf_aux 0.4 / train/loss/symbolic 1.0 / train/loss/rew 0.0 / train/loss/con 0.0 / train/loss/policy -0.0 / train/loss/value 0.5 / train/loss/repval 1.2 / train/opt/loss 6.2 / train/opt/lr 0.0 / train/opt/grad_scale 32768.0 / train/opt/updates 5313.0 / fps/fps 51.2
[170287] episode/score 0.0 / episode/length 360.0
[170647] episode/score 0.0 / episode/length 360.0
[171007] episode/score 0.0 / episode/length 360.0
[171236] episode/score 0.4 / episode/length 229.0
[171596] episode/score 0.0 / episode/length 360.0
[171956] episode/score 0.0 / episode/length 360.0
[172316] episode/score 0.0 / episode/length 360.0
[172676] episode/score 0.0 / episode/length 360.0
[173036] episode/score 0.0 / episode/length 360.0
[173396] episode/score 0.0 / episode/length 360.0
[173756] episode/score 0.0 / episode/length 360.0
[174116] episode/score 0.0 / episode/length 360.0
[174476] episode/score 0.0 / episode/length 360.0
[174836] episode/score 0.0 / episode/length 360.0
[175066] train/ndnf_delta 4.0 / train/dyn_entropy 0.5 / train/rep_entropy 1.1 / train/act_entropy_coef 0.0 / train/ret 0.0 / train/ret_005 0.2 / train/ret_095 0.2 / train/adv -0.0 / train/adv_std 0.0 / train/con 1.0 / train/rew 0.0 / train/val 0.2 / train/tar 0.2 / train/slowval 0.2 / train/weight 0.8 / train/action_entropy 0.8 / train/action_mean 0.2 / train/action_std 0.4 / train/action_min 0.0 / train/action_max 1.0 / train/ret_replay_mean 0.2 / train/ret_replay_std 0.0 / train/ret_replay_min 0.2 / train/ret_replay_max 0.2 / train/value_replay_mean 0.2 / train/value_replay_std 0.0 / train/value_replay_min 0.2 / train/value_replay_max 0.2 / train/slow_value_replay_mean 0.2 / train/slow_value_replay_std 0.0 / train/slow_value_replay_min 0.2 / train/slow_value_replay_max 0.2 / train/loss/dyn 1.0 / train/loss/rep 1.0 / train/loss/ground 2.8 / train/loss/ndnf_aux 0.4 / train/loss/symbolic 0.9 / train/loss/rew 0.0 / train/loss/con 0.0 / train/loss/policy -0.0 / train/loss/value 0.5 / train/loss/repval 1.0 / train/opt/loss 5.5 / train/opt/lr 0.0 / train/opt/grad_scale 32768.0 / train/opt/updates 5469.0 / fps/fps 52.2
[175196] episode/score 0.0 / episode/length 360.0
[175556] episode/score 0.0 / episode/length 360.0
[175916] episode/score 0.0 / episode/length 360.0
[176276] episode/score 0.0 / episode/length 360.0
[176636] episode/score 0.0 / episode/length 360.0
[176749] episode/score 0.7 / episode/length 113.0
[176994] episode/score 0.4 / episode/length 245.0
[177354] episode/score 0.0 / episode/length 360.0
[177714] episode/score 0.0 / episode/length 360.0
[178074] episode/score 0.0 / episode/length 360.0
[178434] episode/score 0.0 / episode/length 360.0
[178794] episode/score 0.0 / episode/length 360.0
[179154] episode/score 0.0 / episode/length 360.0
[179514] episode/score 0.0 / episode/length 360.0
[179874] episode/score 0.0 / episode/length 360.0
Evaluating the policy...
[180000] episode/eval_score 0.0 / episode/eval_length 360.0
[180066] train/ndnf_delta 4.0 / train/dyn_entropy 0.5 / train/rep_entropy 1.3 / train/act_entropy_coef 0.0 / train/ret 0.0 / train/ret_005 0.2 / train/ret_095 0.2 / train/adv -0.0 / train/adv_std 0.0 / train/con 1.0 / train/rew 0.0 / train/val 0.2 / train/tar 0.2 / train/slowval 0.2 / train/weight 0.8 / train/action_entropy 0.9 / train/action_mean 0.2 / train/action_std 0.4 / train/action_min 0.0 / train/action_max 1.0 / train/ret_replay_mean 0.2 / train/ret_replay_std 0.0 / train/ret_replay_min 0.2 / train/ret_replay_max 0.2 / train/value_replay_mean 0.2 / train/value_replay_std 0.0 / train/value_replay_min 0.2 / train/value_replay_max 0.2 / train/slow_value_replay_mean 0.2 / train/slow_value_replay_std 0.0 / train/slow_value_replay_min 0.2 / train/slow_value_replay_max 0.2 / train/loss/dyn 1.2 / train/loss/rep 1.2 / train/loss/ground 2.5 / train/loss/ndnf_aux 0.4 / train/loss/symbolic 0.8 / train/loss/rew 0.0 / train/loss/con 0.0 / train/loss/policy -0.0 / train/loss/value 0.5 / train/loss/repval 0.9 / train/opt/loss 5.4 / train/opt/lr 0.0 / train/opt/grad_scale 32768.0 / train/opt/updates 5625.0 / fps/fps 51.1
[180234] episode/score 0.0 / episode/length 360.0
[180594] episode/score 0.0 / episode/length 360.0
[180954] episode/score 0.0 / episode/length 360.0
[181314] episode/score 0.0 / episode/length 360.0
[181674] episode/score 0.0 / episode/length 360.0
[182034] episode/score 0.0 / episode/length 360.0
[182394] episode/score 0.0 / episode/length 360.0
[182754] episode/score 0.0 / episode/length 360.0
[183114] episode/score 0.0 / episode/length 360.0
[183474] episode/score 0.0 / episode/length 360.0
[183834] episode/score 0.0 / episode/length 360.0
[184194] episode/score 0.0 / episode/length 360.0
[184554] episode/score 0.0 / episode/length 360.0
[184668] episode/score 0.7 / episode/length 114.0
[185028] episode/score 0.0 / episode/length 360.0
[185066] train/ndnf_delta 4.0 / train/dyn_entropy 0.5 / train/rep_entropy 1.5 / train/act_entropy_coef 0.0 / train/ret 0.0 / train/ret_005 0.2 / train/ret_095 0.2 / train/adv -0.0 / train/adv_std 0.0 / train/con 1.0 / train/rew 0.0 / train/val 0.2 / train/tar 0.2 / train/slowval 0.2 / train/weight 0.8 / train/action_entropy 0.8 / train/action_mean 0.2 / train/action_std 0.4 / train/action_min 0.0 / train/action_max 1.0 / train/ret_replay_mean 0.2 / train/ret_replay_std 0.2 / train/ret_replay_min 0.2 / train/ret_replay_max 1.0 / train/value_replay_mean 0.2 / train/value_replay_std 0.0 / train/value_replay_min 0.2 / train/value_replay_max 0.3 / train/slow_value_replay_mean 0.2 / train/slow_value_replay_std 0.0 / train/slow_value_replay_min 0.2 / train/slow_value_replay_max 0.2 / train/loss/dyn 1.7 / train/loss/rep 1.7 / train/loss/ground 2.3 / train/loss/ndnf_aux 0.4 / train/loss/symbolic 0.8 / train/loss/rew 0.1 / train/loss/con 0.0 / train/loss/policy -0.0 / train/loss/value 0.6 / train/loss/repval 1.4 / train/opt/loss 6.1 / train/opt/lr 0.0 / train/opt/grad_scale 32768.0 / train/opt/updates 5782.0 / fps/fps 52.0
[185388] episode/score 0.0 / episode/length 360.0
[185748] episode/score 0.0 / episode/length 360.0
[186108] episode/score 0.0 / episode/length 360.0
[186468] episode/score 0.0 / episode/length 360.0
[186828] episode/score 0.0 / episode/length 360.0
[187188] episode/score 0.0 / episode/length 360.0
[187548] episode/score 0.0 / episode/length 360.0
[187908] episode/score 0.0 / episode/length 360.0
[188268] episode/score 0.0 / episode/length 360.0
[188628] episode/score 0.0 / episode/length 360.0
[188988] episode/score 0.0 / episode/length 360.0
[189348] episode/score 0.0 / episode/length 360.0
[189582] episode/score 0.4 / episode/length 234.0
[189942] episode/score 0.0 / episode/length 360.0
Evaluating the policy...
[190000] episode/eval_score 0.0 / episode/eval_length 360.0
[190066] train/ndnf_delta 4.0 / train/dyn_entropy 0.5 / train/rep_entropy 1.8 / train/act_entropy_coef 0.0 / train/ret 0.0 / train/ret_005 0.2 / train/ret_095 0.2 / train/adv -0.0 / train/adv_std 0.0 / train/con 1.0 / train/rew 0.0 / train/val 0.2 / train/tar 0.2 / train/slowval 0.2 / train/weight 0.8 / train/action_entropy 0.7 / train/action_mean 0.2 / train/action_std 0.4 / train/action_min 0.0 / train/action_max 1.0 / train/ret_replay_mean 0.2 / train/ret_replay_std 0.2 / train/ret_replay_min 0.2 / train/ret_replay_max 1.0 / train/value_replay_mean 0.2 / train/value_replay_std 0.0 / train/value_replay_min 0.2 / train/value_replay_max 0.2 / train/slow_value_replay_mean 0.2 / train/slow_value_replay_std 0.0 / train/slow_value_replay_min 0.2 / train/slow_value_replay_max 0.2 / train/loss/dyn 2.2 / train/loss/rep 2.2 / train/loss/ground 2.1 / train/loss/ndnf_aux 0.4 / train/loss/symbolic 0.9 / train/loss/rew 0.0 / train/loss/con 0.0 / train/loss/policy -0.0 / train/loss/value 0.7 / train/loss/repval 1.4 / train/opt/loss 6.6 / train/opt/lr 0.0 / train/opt/grad_scale 32768.0 / train/opt/updates 5938.0 / fps/fps 49.5
[190302] episode/score 0.0 / episode/length 360.0
[190662] episode/score 0.0 / episode/length 360.0
[191022] episode/score 0.0 / episode/length 360.0
[191382] episode/score 0.0 / episode/length 360.0
[191742] episode/score 0.0 / episode/length 360.0
[192102] episode/score 0.0 / episode/length 360.0
[192462] episode/score 0.0 / episode/length 360.0
[192822] episode/score 0.0 / episode/length 360.0
[193182] episode/score 0.0 / episode/length 360.0
[193542] episode/score 0.0 / episode/length 360.0
[193902] episode/score 0.0 / episode/length 360.0
[194262] episode/score 0.0 / episode/length 360.0
[194622] episode/score 0.0 / episode/length 360.0
[194982] episode/score 0.0 / episode/length 360.0
[195066] train/ndnf_delta 4.0 / train/dyn_entropy 0.5 / train/rep_entropy 2.1 / train/act_entropy_coef 0.0 / train/ret 0.0 / train/ret_005 0.2 / train/ret_095 0.2 / train/adv -0.0 / train/adv_std 0.0 / train/con 1.0 / train/rew 0.0 / train/val 0.2 / train/tar 0.2 / train/slowval 0.2 / train/weight 0.8 / train/action_entropy 0.7 / train/action_mean 0.2 / train/action_std 0.4 / train/action_min 0.0 / train/action_max 1.0 / train/ret_replay_mean 0.2 / train/ret_replay_std 0.1 / train/ret_replay_min 0.2 / train/ret_replay_max 1.0 / train/value_replay_mean 0.2 / train/value_replay_std 0.0 / train/value_replay_min 0.2 / train/value_replay_max 0.2 / train/slow_value_replay_mean 0.2 / train/slow_value_replay_std 0.0 / train/slow_value_replay_min 0.2 / train/slow_value_replay_max 0.2 / train/loss/dyn 2.7 / train/loss/rep 2.7 / train/loss/ground 1.8 / train/loss/ndnf_aux 0.4 / train/loss/symbolic 0.8 / train/loss/rew 0.0 / train/loss/con 0.0 / train/loss/policy -0.0 / train/loss/value 0.8 / train/loss/repval 1.3 / train/opt/loss 6.8 / train/opt/lr 0.0 / train/opt/grad_scale 65536.0 / train/opt/updates 6094.0 / fps/fps 49.7
[195342] episode/score 0.0 / episode/length 360.0
[195702] episode/score 0.0 / episode/length 360.0
[196062] episode/score 0.0 / episode/length 360.0
[196422] episode/score 0.0 / episode/length 360.0
[196782] episode/score 0.0 / episode/length 360.0
[197142] episode/score 0.0 / episode/length 360.0
[197502] episode/score 0.0 / episode/length 360.0
[197862] episode/score 0.0 / episode/length 360.0
[198222] episode/score 0.0 / episode/length 360.0
[198582] episode/score 0.0 / episode/length 360.0
[198942] episode/score 0.0 / episode/length 360.0
[199302] episode/score 0.0 / episode/length 360.0
[199662] episode/score 0.0 / episode/length 360.0
Evaluating the policy...
[200000] episode/eval_score 0.0 / episode/eval_length 360.0
[200022] episode/score 0.0 / episode/length 360.0
[200066] train/ndnf_delta 4.0 / train/dyn_entropy 0.6 / train/rep_entropy 2.3 / train/act_entropy_coef 0.0 / train/ret 0.0 / train/ret_005 0.2 / train/ret_095 0.2 / train/adv -0.0 / train/adv_std 0.0 / train/con 1.0 / train/rew 0.0 / train/val 0.2 / train/tar 0.2 / train/slowval 0.2 / train/weight 0.8 / train/action_entropy 0.7 / train/action_mean 0.2 / train/action_std 0.4 / train/action_min 0.0 / train/action_max 1.0 / train/ret_replay_mean 0.3 / train/ret_replay_std 0.2 / train/ret_replay_min 0.2 / train/ret_replay_max 1.0 / train/value_replay_mean 0.2 / train/value_replay_std 0.0 / train/value_replay_min 0.2 / train/value_replay_max 0.2 / train/slow_value_replay_mean 0.2 / train/slow_value_replay_std 0.0 / train/slow_value_replay_min 0.2 / train/slow_value_replay_max 0.2 / train/loss/dyn 3.1 / train/loss/rep 3.1 / train/loss/ground 1.7 / train/loss/ndnf_aux 0.4 / train/loss/symbolic 0.8 / train/loss/rew 0.1 / train/loss/con 0.0 / train/loss/policy -0.0 / train/loss/value 0.8 / train/loss/repval 1.5 / train/opt/loss 7.3 / train/opt/lr 0.0 / train/opt/grad_scale 65536.0 / train/opt/updates 6250.0 / fps/fps 47.8
[200382] episode/score 0.0 / episode/length 360.0
[200742] episode/score 0.0 / episode/length 360.0
[201102] episode/score 0.0 / episode/length 360.0
[201462] episode/score 0.0 / episode/length 360.0
[201822] episode/score 0.0 / episode/length 360.0
[202182] episode/score 0.0 / episode/length 360.0
[202542] episode/score 0.0 / episode/length 360.0
[202902] episode/score 0.0 / episode/length 360.0
[203262] episode/score 0.0 / episode/length 360.0
[203622] episode/score 0.0 / episode/length 360.0
[203982] episode/score 0.0 / episode/length 360.0
[204342] episode/score 0.0 / episode/length 360.0
[204702] episode/score 0.0 / episode/length 360.0
[205062] episode/score 0.0 / episode/length 360.0
[205066] train/ndnf_delta 4.0 / train/dyn_entropy 0.6 / train/rep_entropy 2.6 / train/act_entropy_coef 0.0 / train/ret 0.0 / train/ret_005 0.2 / train/ret_095 0.2 / train/adv 0.0 / train/adv_std 0.0 / train/con 1.0 / train/rew 0.0 / train/val 0.2 / train/tar 0.2 / train/slowval 0.2 / train/weight 0.8 / train/action_entropy 0.6 / train/action_mean 0.2 / train/action_std 0.4 / train/action_min 0.0 / train/action_max 1.0 / train/ret_replay_mean 0.3 / train/ret_replay_std 0.2 / train/ret_replay_min 0.2 / train/ret_replay_max 1.0 / train/value_replay_mean 0.2 / train/value_replay_std 0.0 / train/value_replay_min 0.2 / train/value_replay_max 0.3 / train/slow_value_replay_mean 0.2 / train/slow_value_replay_std 0.0 / train/slow_value_replay_min 0.2 / train/slow_value_replay_max 0.2 / train/loss/dyn 3.4 / train/loss/rep 3.4 / train/loss/ground 1.5 / train/loss/ndnf_aux 0.4 / train/loss/symbolic 0.8 / train/loss/rew 0.1 / train/loss/con 0.1 / train/loss/policy 0.0 / train/loss/value 0.9 / train/loss/repval 1.7 / train/opt/loss 7.7 / train/opt/lr 0.0 / train/opt/grad_scale 65536.0 / train/opt/updates 6407.0 / fps/fps 48.2
[205422] episode/score 0.0 / episode/length 360.0
[205782] episode/score 0.0 / episode/length 360.0
[206142] episode/score 0.0 / episode/length 360.0
[206502] episode/score 0.0 / episode/length 360.0
[206862] episode/score 0.0 / episode/length 360.0
[207222] episode/score 0.0 / episode/length 360.0
[207582] episode/score 0.0 / episode/length 360.0
[207942] episode/score 0.0 / episode/length 360.0
[208302] episode/score 0.0 / episode/length 360.0
[208662] episode/score 0.0 / episode/length 360.0
[209022] episode/score 0.0 / episode/length 360.0
[209382] episode/score 0.0 / episode/length 360.0
[209742] episode/score 0.0 / episode/length 360.0
Evaluating the policy...
[210000] episode/eval_score 0.0 / episode/eval_length 360.0
[210066] train/ndnf_delta 4.0 / train/dyn_entropy 0.7 / train/rep_entropy 2.7 / train/act_entropy_coef 0.0 / train/ret 0.0 / train/ret_005 0.2 / train/ret_095 0.2 / train/adv 0.0 / train/adv_std 0.0 / train/con 1.0 / train/rew 0.0 / train/val 0.2 / train/tar 0.2 / train/slowval 0.2 / train/weight 0.8 / train/action_entropy 0.7 / train/action_mean 0.2 / train/action_std 0.4 / train/action_min 0.0 / train/action_max 1.0 / train/ret_replay_mean 0.3 / train/ret_replay_std 0.2 / train/ret_replay_min 0.2 / train/ret_replay_max 1.0 / train/value_replay_mean 0.3 / train/value_replay_std 0.0 / train/value_replay_min 0.2 / train/value_replay_max 0.3 / train/slow_value_replay_mean 0.2 / train/slow_value_replay_std 0.0 / train/slow_value_replay_min 0.2 / train/slow_value_replay_max 0.3 / train/loss/dyn 3.5 / train/loss/rep 3.5 / train/loss/ground 1.5 / train/loss/ndnf_aux 0.3 / train/loss/symbolic 0.8 / train/loss/rew 0.1 / train/loss/con 0.1 / train/loss/policy 0.0 / train/loss/value 1.0 / train/loss/repval 1.8 / train/opt/loss 7.8 / train/opt/lr 0.0 / train/opt/grad_scale 65536.0 / train/opt/updates 6563.0 / fps/fps 46.8
[210102] episode/score 0.0 / episode/length 360.0
[210462] episode/score 0.0 / episode/length 360.0
[210822] episode/score 0.0 / episode/length 360.0
[211182] episode/score 0.0 / episode/length 360.0
[211542] episode/score 0.0 / episode/length 360.0
[211902] episode/score 0.0 / episode/length 360.0
[212262] episode/score 0.0 / episode/length 360.0
[212622] episode/score 0.0 / episode/length 360.0
[212982] episode/score 0.0 / episode/length 360.0
[213342] episode/score 0.0 / episode/length 360.0
[213702] episode/score 0.0 / episode/length 360.0
[214062] episode/score 0.0 / episode/length 360.0
[214422] episode/score 0.0 / episode/length 360.0
[214782] episode/score 0.0 / episode/length 360.0
[215066] train/ndnf_delta 4.0 / train/dyn_entropy 0.8 / train/rep_entropy 2.8 / train/act_entropy_coef 0.0 / train/ret 0.0 / train/ret_005 0.2 / train/ret_095 0.2 / train/adv 0.0 / train/adv_std 0.0 / train/con 1.0 / train/rew 0.0 / train/val 0.2 / train/tar 0.2 / train/slowval 0.2 / train/weight 0.8 / train/action_entropy 0.6 / train/action_mean 0.2 / train/action_std 0.4 / train/action_min 0.0 / train/action_max 1.0 / train/ret_replay_mean 0.3 / train/ret_replay_std 0.1 / train/ret_replay_min 0.2 / train/ret_replay_max 1.0 / train/value_replay_mean 0.3 / train/value_replay_std 0.0 / train/value_replay_min 0.2 / train/value_replay_max 0.3 / train/slow_value_replay_mean 0.3 / train/slow_value_replay_std 0.0 / train/slow_value_replay_min 0.2 / train/slow_value_replay_max 0.3 / train/loss/dyn 3.6 / train/loss/rep 3.6 / train/loss/ground 1.6 / train/loss/ndnf_aux 0.3 / train/loss/symbolic 0.9 / train/loss/rew 0.0 / train/loss/con 0.0 / train/loss/policy 0.0 / train/loss/value 1.1 / train/loss/repval 1.6 / train/opt/loss 8.0 / train/opt/lr 0.0 / train/opt/grad_scale 65536.0 / train/opt/updates 6719.0 / fps/fps 46.4
[215142] episode/score 0.0 / episode/length 360.0
[215502] episode/score 0.0 / episode/length 360.0
[215862] episode/score 0.0 / episode/length 360.0
[216222] episode/score 0.0 / episode/length 360.0
[216582] episode/score 0.0 / episode/length 360.0
[216942] episode/score 0.0 / episode/length 360.0
[217302] episode/score 0.0 / episode/length 360.0
[217662] episode/score 0.0 / episode/length 360.0
[218022] episode/score 0.0 / episode/length 360.0
[218382] episode/score 0.0 / episode/length 360.0
[218742] episode/score 0.0 / episode/length 360.0
[219102] episode/score 0.0 / episode/length 360.0
[219462] episode/score 0.0 / episode/length 360.0
[219822] episode/score 0.0 / episode/length 360.0
Evaluating the policy...
[220000] episode/eval_score 0.0 / episode/eval_length 360.0
[220066] train/ndnf_delta 4.0 / train/dyn_entropy 0.9 / train/rep_entropy 2.9 / train/act_entropy_coef 0.0 / train/ret 0.0 / train/ret_005 0.2 / train/ret_095 0.2 / train/adv 0.0 / train/adv_std 0.0 / train/con 1.0 / train/rew 0.0 / train/val 0.2 / train/tar 0.2 / train/slowval 0.2 / train/weight 0.9 / train/action_entropy 0.6 / train/action_mean 0.2 / train/action_std 0.4 / train/action_min 0.0 / train/action_max 1.0 / train/ret_replay_mean 0.3 / train/ret_replay_std 0.2 / train/ret_replay_min 0.2 / train/ret_replay_max 1.0 / train/value_replay_mean 0.3 / train/value_replay_std 0.0 / train/value_replay_min 0.3 / train/value_replay_max 0.3 / train/slow_value_replay_mean 0.3 / train/slow_value_replay_std 0.0 / train/slow_value_replay_min 0.3 / train/slow_value_replay_max 0.3 / train/loss/dyn 3.5 / train/loss/rep 3.5 / train/loss/ground 1.5 / train/loss/ndnf_aux 0.3 / train/loss/symbolic 0.9 / train/loss/rew 0.1 / train/loss/con 0.1 / train/loss/policy 0.0 / train/loss/value 1.1 / train/loss/repval 1.8 / train/opt/loss 8.0 / train/opt/lr 0.0 / train/opt/grad_scale 65536.0 / train/opt/updates 6875.0 / fps/fps 40.5
[220182] episode/score 0.0 / episode/length 360.0
[220542] episode/score 0.0 / episode/length 360.0
[220902] episode/score 0.0 / episode/length 360.0
[221262] episode/score 0.0 / episode/length 360.0
[221622] episode/score 0.0 / episode/length 360.0
[221982] episode/score 0.0 / episode/length 360.0
[222342] episode/score 0.0 / episode/length 360.0
[222702] episode/score 0.0 / episode/length 360.0
[223062] episode/score 0.0 / episode/length 360.0
[223422] episode/score 0.0 / episode/length 360.0
[223782] episode/score 0.0 / episode/length 360.0
[224142] episode/score 0.0 / episode/length 360.0
[224502] episode/score 0.0 / episode/length 360.0
[224862] episode/score 0.0 / episode/length 360.0
[225066] train/ndnf_delta 4.0 / train/dyn_entropy 1.0 / train/rep_entropy 3.1 / train/act_entropy_coef 0.0 / train/ret 0.0 / train/ret_005 0.2 / train/ret_095 0.3 / train/adv 0.0 / train/adv_std 0.0 / train/con 1.0 / train/rew 0.0 / train/val 0.3 / train/tar 0.3 / train/slowval 0.3 / train/weight 0.9 / train/action_entropy 0.5 / train/action_mean 0.2 / train/action_std 0.4 / train/action_min 0.0 / train/action_max 1.0 / train/ret_replay_mean 0.3 / train/ret_replay_std 0.1 / train/ret_replay_min 0.2 / train/ret_replay_max 1.0 / train/value_replay_mean 0.3 / train/value_replay_std 0.0 / train/value_replay_min 0.3 / train/value_replay_max 0.3 / train/slow_value_replay_mean 0.3 / train/slow_value_replay_std 0.0 / train/slow_value_replay_min 0.3 / train/slow_value_replay_max 0.3 / train/loss/dyn 3.4 / train/loss/rep 3.4 / train/loss/ground 1.3 / train/loss/ndnf_aux 0.3 / train/loss/symbolic 0.7 / train/loss/rew 0.0 / train/loss/con 0.0 / train/loss/policy 0.0 / train/loss/value 1.2 / train/loss/repval 1.6 / train/opt/loss 7.4 / train/opt/lr 0.0 / train/opt/grad_scale 65536.0 / train/opt/updates 7032.0 / fps/fps 36.1
[225222] episode/score 0.0 / episode/length 360.0
[225582] episode/score 0.0 / episode/length 360.0
[225942] episode/score 0.0 / episode/length 360.0
[226302] episode/score 0.0 / episode/length 360.0
[226662] episode/score 0.0 / episode/length 360.0
[227022] episode/score 0.0 / episode/length 360.0
[227382] episode/score 0.0 / episode/length 360.0
[227742] episode/score 0.0 / episode/length 360.0
[228102] episode/score 0.0 / episode/length 360.0
[228462] episode/score 0.0 / episode/length 360.0
[228822] episode/score 0.0 / episode/length 360.0
[229182] episode/score 0.0 / episode/length 360.0
[229542] episode/score 0.0 / episode/length 360.0
[229902] episode/score 0.0 / episode/length 360.0
Evaluating the policy...
[230000] episode/eval_score 0.0 / episode/eval_length 360.0
[230066] train/ndnf_delta 4.0 / train/dyn_entropy 1.2 / train/rep_entropy 3.2 / train/act_entropy_coef 0.0 / train/ret 0.0 / train/ret_005 0.2 / train/ret_095 0.3 / train/adv 0.0 / train/adv_std 0.0 / train/con 1.0 / train/rew 0.0 / train/val 0.3 / train/tar 0.3 / train/slowval 0.3 / train/weight 0.9 / train/action_entropy 0.4 / train/action_mean 0.2 / train/action_std 0.4 / train/action_min 0.0 / train/action_max 1.0 / train/ret_replay_mean 0.3 / train/ret_replay_std 0.1 / train/ret_replay_min 0.2 / train/ret_replay_max 1.0 / train/value_replay_mean 0.3 / train/value_replay_std 0.0 / train/value_replay_min 0.3 / train/value_replay_max 0.3 / train/slow_value_replay_mean 0.3 / train/slow_value_replay_std 0.0 / train/slow_value_replay_min 0.3 / train/slow_value_replay_max 0.3 / train/loss/dyn 3.1 / train/loss/rep 3.1 / train/loss/ground 1.3 / train/loss/ndnf_aux 0.3 / train/loss/symbolic 0.7 / train/loss/rew 0.0 / train/loss/con 0.0 / train/loss/policy -0.0 / train/loss/value 1.2 / train/loss/repval 1.6 / train/opt/loss 7.2 / train/opt/lr 0.0 / train/opt/grad_scale 65536.0 / train/opt/updates 7188.0 / fps/fps 26.1
[230262] episode/score 0.0 / episode/length 360.0
[230622] episode/score 0.0 / episode/length 360.0
[230982] episode/score 0.0 / episode/length 360.0
[231342] episode/score 0.0 / episode/length 360.0
[231702] episode/score 0.0 / episode/length 360.0
[232062] episode/score 0.0 / episode/length 360.0
[232422] episode/score 0.0 / episode/length 360.0
[232782] episode/score 0.0 / episode/length 360.0
[233142] episode/score 0.0 / episode/length 360.0
[233502] episode/score 0.0 / episode/length 360.0
[233862] episode/score 0.0 / episode/length 360.0
[234222] episode/score 0.0 / episode/length 360.0
[234582] episode/score 0.0 / episode/length 360.0
[234942] episode/score 0.0 / episode/length 360.0
[235066] train/ndnf_delta 4.0 / train/dyn_entropy 1.4 / train/rep_entropy 3.3 / train/act_entropy_coef 0.0 / train/ret 0.0 / train/ret_005 0.3 / train/ret_095 0.3 / train/adv 0.0 / train/adv_std 0.0 / train/con 1.0 / train/rew 0.0 / train/val 0.3 / train/tar 0.3 / train/slowval 0.3 / train/weight 0.9 / train/action_entropy 0.4 / train/action_mean 0.2 / train/action_std 0.4 / train/action_min 0.0 / train/action_max 1.0 / train/ret_replay_mean 0.3 / train/ret_replay_std 0.1 / train/ret_replay_min 0.3 / train/ret_replay_max 1.0 / train/value_replay_mean 0.3 / train/value_replay_std 0.0 / train/value_replay_min 0.3 / train/value_replay_max 0.3 / train/slow_value_replay_mean 0.3 / train/slow_value_replay_std 0.0 / train/slow_value_replay_min 0.3 / train/slow_value_replay_max 0.3 / train/loss/dyn 2.9 / train/loss/rep 2.9 / train/loss/ground 1.4 / train/loss/ndnf_aux 0.3 / train/loss/symbolic 0.9 / train/loss/rew 0.0 / train/loss/con 0.0 / train/loss/policy 0.0 / train/loss/value 1.2 / train/loss/repval 1.6 / train/opt/loss 7.2 / train/opt/lr 0.0 / train/opt/grad_scale 65536.0 / train/opt/updates 7344.0 / fps/fps 15.0
[235302] episode/score 0.0 / episode/length 360.0
[235662] episode/score 0.0 / episode/length 360.0
[236022] episode/score 0.0 / episode/length 360.0
[236382] episode/score 0.0 / episode/length 360.0
[236742] episode/score 0.0 / episode/length 360.0
[237102] episode/score 0.0 / episode/length 360.0
[237462] episode/score 0.0 / episode/length 360.0
[237822] episode/score 0.0 / episode/length 360.0
[238182] episode/score 0.0 / episode/length 360.0
[238542] episode/score 0.0 / episode/length 360.0
[238902] episode/score 0.0 / episode/length 360.0
[239262] episode/score 0.0 / episode/length 360.0
[239622] episode/score 0.0 / episode/length 360.0
[239982] episode/score 0.0 / episode/length 360.0
Evaluating the policy...
[240000] episode/eval_score 0.0 / episode/eval_length 360.0
[240066] train/ndnf_delta 4.0 / train/dyn_entropy 1.6 / train/rep_entropy 3.4 / train/act_entropy_coef 0.0 / train/ret 0.0 / train/ret_005 0.3 / train/ret_095 0.3 / train/adv 0.0 / train/adv_std 0.0 / train/con 1.0 / train/rew 0.0 / train/val 0.3 / train/tar 0.3 / train/slowval 0.3 / train/weight 0.9 / train/action_entropy 0.3 / train/action_mean 0.2 / train/action_std 0.4 / train/action_min 0.0 / train/action_max 1.0 / train/ret_replay_mean 0.3 / train/ret_replay_std 0.2 / train/ret_replay_min 0.3 / train/ret_replay_max 1.0 / train/value_replay_mean 0.3 / train/value_replay_std 0.0 / train/value_replay_min 0.3 / train/value_replay_max 0.3 / train/slow_value_replay_mean 0.3 / train/slow_value_replay_std 0.0 / train/slow_value_replay_min 0.3 / train/slow_value_replay_max 0.3 / train/loss/dyn 2.7 / train/loss/rep 2.7 / train/loss/ground 1.2 / train/loss/ndnf_aux 0.3 / train/loss/symbolic 0.9 / train/loss/rew 0.1 / train/loss/con 0.0 / train/loss/policy -0.0 / train/loss/value 1.2 / train/loss/repval 1.8 / train/opt/loss 6.8 / train/opt/lr 0.0 / train/opt/grad_scale 65536.0 / train/opt/updates 7500.0 / fps/fps 47.3
[240342] episode/score 0.0 / episode/length 360.0
[240702] episode/score 0.0 / episode/length 360.0
[241062] episode/score 0.0 / episode/length 360.0
[241422] episode/score 0.0 / episode/length 360.0
[241782] episode/score 0.0 / episode/length 360.0
[242142] episode/score 0.0 / episode/length 360.0
[242502] episode/score 0.0 / episode/length 360.0
[242862] episode/score 0.0 / episode/length 360.0
[243222] episode/score 0.0 / episode/length 360.0
[243582] episode/score 0.0 / episode/length 360.0
[243942] episode/score 0.0 / episode/length 360.0
[244302] episode/score 0.0 / episode/length 360.0
[244662] episode/score 0.0 / episode/length 360.0
[245022] episode/score 0.0 / episode/length 360.0
[245066] train/ndnf_delta 4.0 / train/dyn_entropy 1.8 / train/rep_entropy 3.5 / train/act_entropy_coef 0.0 / train/ret 0.0 / train/ret_005 0.3 / train/ret_095 0.3 / train/adv 0.0 / train/adv_std 0.0 / train/con 1.0 / train/rew 0.0 / train/val 0.3 / train/tar 0.3 / train/slowval 0.3 / train/weight 0.9 / train/action_entropy 0.2 / train/action_mean 0.2 / train/action_std 0.4 / train/action_min 0.0 / train/action_max 1.0 / train/ret_replay_mean 0.3 / train/ret_replay_std 0.2 / train/ret_replay_min 0.3 / train/ret_replay_max 1.0 / train/value_replay_mean 0.3 / train/value_replay_std 0.0 / train/value_replay_min 0.3 / train/value_replay_max 0.3 / train/slow_value_replay_mean 0.3 / train/slow_value_replay_std 0.0 / train/slow_value_replay_min 0.3 / train/slow_value_replay_max 0.3 / train/loss/dyn 2.4 / train/loss/rep 2.4 / train/loss/ground 1.1 / train/loss/ndnf_aux 0.3 / train/loss/symbolic 0.8 / train/loss/rew 0.1 / train/loss/con 0.1 / train/loss/policy -0.0 / train/loss/value 1.2 / train/loss/repval 1.8 / train/opt/loss 6.5 / train/opt/lr 0.0 / train/opt/grad_scale 65536.0 / train/opt/updates 7657.0 / fps/fps 51.6
[245382] episode/score 0.0 / episode/length 360.0
[245742] episode/score 0.0 / episode/length 360.0
[246102] episode/score 0.0 / episode/length 360.0
[246462] episode/score 0.0 / episode/length 360.0
[246822] episode/score 0.0 / episode/length 360.0
[247182] episode/score 0.0 / episode/length 360.0
[247542] episode/score 0.0 / episode/length 360.0
[247902] episode/score 0.0 / episode/length 360.0
[248262] episode/score 0.0 / episode/length 360.0
[248622] episode/score 0.0 / episode/length 360.0
[248982] episode/score 0.0 / episode/length 360.0
[249342] episode/score 0.0 / episode/length 360.0
[249702] episode/score 0.0 / episode/length 360.0
Evaluating the policy...
[250000] episode/eval_score 0.0 / episode/eval_length 360.0
[250062] episode/score 0.0 / episode/length 360.0
[250066] train/ndnf_delta 4.0 / train/dyn_entropy 2.0 / train/rep_entropy 3.6 / train/act_entropy_coef 0.0 / train/ret 0.0 / train/ret_005 0.3 / train/ret_095 0.3 / train/adv 0.0 / train/adv_std 0.0 / train/con 1.0 / train/rew 0.0 / train/val 0.3 / train/tar 0.3 / train/slowval 0.3 / train/weight 0.9 / train/action_entropy 0.2 / train/action_mean 0.2 / train/action_std 0.4 / train/action_min 0.0 / train/action_max 1.0 / train/ret_replay_mean 0.3 / train/ret_replay_std 0.1 / train/ret_replay_min 0.3 / train/ret_replay_max 1.0 / train/value_replay_mean 0.3 / train/value_replay_std 0.0 / train/value_replay_min 0.3 / train/value_replay_max 0.3 / train/slow_value_replay_mean 0.3 / train/slow_value_replay_std 0.0 / train/slow_value_replay_min 0.3 / train/slow_value_replay_max 0.3 / train/loss/dyn 2.2 / train/loss/rep 2.2 / train/loss/ground 1.1 / train/loss/ndnf_aux 0.3 / train/loss/symbolic 0.8 / train/loss/rew 0.0 / train/loss/con 0.0 / train/loss/policy 0.0 / train/loss/value 1.1 / train/loss/repval 1.5 / train/opt/loss 6.0 / train/opt/lr 0.0 / train/opt/grad_scale 65536.0 / train/opt/updates 7813.0 / fps/fps 48.7
[250422] episode/score 0.0 / episode/length 360.0
[250782] episode/score 0.0 / episode/length 360.0
[251142] episode/score 0.0 / episode/length 360.0
[251502] episode/score 0.0 / episode/length 360.0
[251862] episode/score 0.0 / episode/length 360.0
[252222] episode/score 0.0 / episode/length 360.0
[252582] episode/score 0.0 / episode/length 360.0
[252942] episode/score 0.0 / episode/length 360.0
[253302] episode/score 0.0 / episode/length 360.0
[253662] episode/score 0.0 / episode/length 360.0
[254022] episode/score 0.0 / episode/length 360.0
[254382] episode/score 0.0 / episode/length 360.0
[254742] episode/score 0.0 / episode/length 360.0
[255066] train/ndnf_delta 4.0 / train/dyn_entropy 2.3 / train/rep_entropy 3.7 / train/act_entropy_coef 0.0 / train/ret 0.0 / train/ret_005 0.3 / train/ret_095 0.3 / train/adv 0.0 / train/adv_std 0.0 / train/con 1.0 / train/rew 0.0 / train/val 0.3 / train/tar 0.3 / train/slowval 0.3 / train/weight 0.9 / train/action_entropy 0.3 / train/action_mean 0.2 / train/action_std 0.4 / train/action_min 0.0 / train/action_max 1.0 / train/ret_replay_mean 0.4 / train/ret_replay_std 0.2 / train/ret_replay_min 0.3 / train/ret_replay_max 1.0 / train/value_replay_mean 0.3 / train/value_replay_std 0.0 / train/value_replay_min 0.3 / train/value_replay_max 0.3 / train/slow_value_replay_mean 0.3 / train/slow_value_replay_std 0.0 / train/slow_value_replay_min 0.3 / train/slow_value_replay_max 0.3 / train/loss/dyn 2.1 / train/loss/rep 2.1 / train/loss/ground 1.1 / train/loss/ndnf_aux 0.3 / train/loss/symbolic 0.9 / train/loss/rew 0.1 / train/loss/con 0.1 / train/loss/policy -0.0 / train/loss/value 1.1 / train/loss/repval 1.9 / train/opt/loss 6.2 / train/opt/lr 0.0 / train/opt/grad_scale 65536.0 / train/opt/updates 7969.0 / fps/fps 52.8
[255102] episode/score 0.0 / episode/length 360.0
[255462] episode/score 0.0 / episode/length 360.0
[255822] episode/score 0.0 / episode/length 360.0
[256182] episode/score 0.0 / episode/length 360.0
[256542] episode/score 0.0 / episode/length 360.0
[256902] episode/score 0.0 / episode/length 360.0
[257262] episode/score 0.0 / episode/length 360.0
[257622] episode/score 0.0 / episode/length 360.0
[257982] episode/score 0.0 / episode/length 360.0
[258342] episode/score 0.0 / episode/length 360.0
[258702] episode/score 0.0 / episode/length 360.0
[259062] episode/score 0.0 / episode/length 360.0
[259422] episode/score 0.0 / episode/length 360.0
[259782] episode/score 0.0 / episode/length 360.0
Evaluating the policy...
[260000] episode/eval_score 0.0 / episode/eval_length 360.0
[260066] train/ndnf_delta 4.0 / train/dyn_entropy 2.5 / train/rep_entropy 3.7 / train/act_entropy_coef 0.0 / train/ret 0.0 / train/ret_005 0.3 / train/ret_095 0.3 / train/adv 0.0 / train/adv_std 0.0 / train/con 1.0 / train/rew 0.0 / train/val 0.3 / train/tar 0.3 / train/slowval 0.3 / train/weight 0.9 / train/action_entropy 0.2 / train/action_mean 0.2 / train/action_std 0.4 / train/action_min 0.0 / train/action_max 1.0 / train/ret_replay_mean 0.4 / train/ret_replay_std 0.2 / train/ret_replay_min 0.3 / train/ret_replay_max 1.0 / train/value_replay_mean 0.3 / train/value_replay_std 0.0 / train/value_replay_min 0.3 / train/value_replay_max 0.3 / train/slow_value_replay_mean 0.3 / train/slow_value_replay_std 0.0 / train/slow_value_replay_min 0.3 / train/slow_value_replay_max 0.3 / train/loss/dyn 2.0 / train/loss/rep 2.0 / train/loss/ground 0.8 / train/loss/ndnf_aux 0.3 / train/loss/symbolic 0.8 / train/loss/rew 0.1 / train/loss/con 0.1 / train/loss/policy -0.0 / train/loss/value 1.1 / train/loss/repval 1.7 / train/opt/loss 5.5 / train/opt/lr 0.0 / train/opt/grad_scale 131072.0 / train/opt/updates 8125.0 / fps/fps 51.6
[260142] episode/score 0.0 / episode/length 360.0
[260502] episode/score 0.0 / episode/length 360.0
[260862] episode/score 0.0 / episode/length 360.0
[261222] episode/score 0.0 / episode/length 360.0
[261582] episode/score 0.0 / episode/length 360.0
[261942] episode/score 0.0 / episode/length 360.0
[262302] episode/score 0.0 / episode/length 360.0
[262662] episode/score 0.0 / episode/length 360.0
[263022] episode/score 0.0 / episode/length 360.0
[263382] episode/score 0.0 / episode/length 360.0
[263742] episode/score 0.0 / episode/length 360.0
[264102] episode/score 0.0 / episode/length 360.0
[264462] episode/score 0.0 / episode/length 360.0
[264822] episode/score 0.0 / episode/length 360.0
[265066] train/ndnf_delta 4.0 / train/dyn_entropy 2.7 / train/rep_entropy 3.8 / train/act_entropy_coef 0.0 / train/ret 0.0 / train/ret_005 0.3 / train/ret_095 0.3 / train/adv 0.0 / train/adv_std 0.0 / train/con 1.0 / train/rew 0.0 / train/val 0.3 / train/tar 0.3 / train/slowval 0.3 / train/weight 0.9 / train/action_entropy 0.2 / train/action_mean 0.2 / train/action_std 0.4 / train/action_min 0.0 / train/action_max 1.0 / train/ret_replay_mean 0.4 / train/ret_replay_std 0.2 / train/ret_replay_min 0.3 / train/ret_replay_max 1.0 / train/value_replay_mean 0.3 / train/value_replay_std 0.0 / train/value_replay_min 0.3 / train/value_replay_max 0.3 / train/slow_value_replay_mean 0.3 / train/slow_value_replay_std 0.0 / train/slow_value_replay_min 0.3 / train/slow_value_replay_max 0.3 / train/loss/dyn 1.9 / train/loss/rep 1.9 / train/loss/ground 0.9 / train/loss/ndnf_aux 0.3 / train/loss/symbolic 0.9 / train/loss/rew 0.1 / train/loss/con 0.1 / train/loss/policy -0.0 / train/loss/value 1.0 / train/loss/repval 1.8 / train/opt/loss 5.6 / train/opt/lr 0.0 / train/opt/grad_scale 131072.0 / train/opt/updates 8282.0 / fps/fps 53.2
[265182] episode/score 0.0 / episode/length 360.0
[265542] episode/score 0.0 / episode/length 360.0
[265902] episode/score 0.0 / episode/length 360.0
[266262] episode/score 0.0 / episode/length 360.0
[266622] episode/score 0.0 / episode/length 360.0
[266982] episode/score 0.0 / episode/length 360.0
[267342] episode/score 0.0 / episode/length 360.0
[267702] episode/score 0.0 / episode/length 360.0
[268062] episode/score 0.0 / episode/length 360.0
[268422] episode/score 0.0 / episode/length 360.0
[268782] episode/score 0.0 / episode/length 360.0
[269142] episode/score 0.0 / episode/length 360.0
[269502] episode/score 0.0 / episode/length 360.0
[269862] episode/score 0.0 / episode/length 360.0
Evaluating the policy...
[270000] episode/eval_score 0.0 / episode/eval_length 360.0
[270066] train/ndnf_delta 4.0 / train/dyn_entropy 2.8 / train/rep_entropy 3.9 / train/act_entropy_coef 0.0 / train/ret 0.0 / train/ret_005 0.3 / train/ret_095 0.3 / train/adv 0.0 / train/adv_std 0.0 / train/con 1.0 / train/rew 0.0 / train/val 0.3 / train/tar 0.3 / train/slowval 0.3 / train/weight 0.9 / train/action_entropy 0.2 / train/action_mean 0.2 / train/action_std 0.4 / train/action_min 0.0 / train/action_max 1.0 / train/ret_replay_mean 0.3 / train/ret_replay_std 0.1 / train/ret_replay_min 0.3 / train/ret_replay_max 1.0 / train/value_replay_mean 0.3 / train/value_replay_std 0.0 / train/value_replay_min 0.3 / train/value_replay_max 0.3 / train/slow_value_replay_mean 0.3 / train/slow_value_replay_std 0.0 / train/slow_value_replay_min 0.3 / train/slow_value_replay_max 0.3 / train/loss/dyn 2.0 / train/loss/rep 2.0 / train/loss/ground 0.9 / train/loss/ndnf_aux 0.3 / train/loss/symbolic 0.8 / train/loss/rew 0.0 / train/loss/con 0.0 / train/loss/policy -0.0 / train/loss/value 0.9 / train/loss/repval 1.3 / train/opt/loss 5.3 / train/opt/lr 0.0 / train/opt/grad_scale 131072.0 / train/opt/updates 8438.0 / fps/fps 51.9
[270222] episode/score 0.0 / episode/length 360.0
[270582] episode/score 0.0 / episode/length 360.0
[270942] episode/score 0.0 / episode/length 360.0
[271302] episode/score 0.0 / episode/length 360.0
[271662] episode/score 0.0 / episode/length 360.0
[272022] episode/score 0.0 / episode/length 360.0
[272382] episode/score 0.0 / episode/length 360.0
[272742] episode/score 0.0 / episode/length 360.0
[273102] episode/score 0.0 / episode/length 360.0
[273462] episode/score 0.0 / episode/length 360.0
[273822] episode/score 0.0 / episode/length 360.0
[274182] episode/score 0.0 / episode/length 360.0
[274542] episode/score 0.0 / episode/length 360.0
[274902] episode/score 0.0 / episode/length 360.0
[275066] train/ndnf_delta 4.0 / train/dyn_entropy 2.9 / train/rep_entropy 3.9 / train/act_entropy_coef 0.0 / train/ret 0.0 / train/ret_005 0.3 / train/ret_095 0.3 / train/adv 0.0 / train/adv_std 0.0 / train/con 1.0 / train/rew 0.0 / train/val 0.3 / train/tar 0.3 / train/slowval 0.3 / train/weight 0.9 / train/action_entropy 0.2 / train/action_mean 0.2 / train/action_std 0.4 / train/action_min 0.0 / train/action_max 1.0 / train/ret_replay_mean 0.3 / train/ret_replay_std 0.0 / train/ret_replay_min 0.3 / train/ret_replay_max 0.4 / train/value_replay_mean 0.3 / train/value_replay_std 0.0 / train/value_replay_min 0.3 / train/value_replay_max 0.4 / train/slow_value_replay_mean 0.3 / train/slow_value_replay_std 0.0 / train/slow_value_replay_min 0.3 / train/slow_value_replay_max 0.3 / train/loss/dyn 1.9 / train/loss/rep 1.9 / train/loss/ground 0.7 / train/loss/ndnf_aux 0.3 / train/loss/symbolic 0.7 / train/loss/rew 0.0 / train/loss/con 0.0 / train/loss/policy -0.0 / train/loss/value 0.8 / train/loss/repval 1.0 / train/opt/loss 4.7 / train/opt/lr 0.0 / train/opt/grad_scale 131072.0 / train/opt/updates 8594.0 / fps/fps 50.3
[275262] episode/score 0.0 / episode/length 360.0
[275622] episode/score 0.0 / episode/length 360.0
[275982] episode/score 0.0 / episode/length 360.0
[276342] episode/score 0.0 / episode/length 360.0
[276702] episode/score 0.0 / episode/length 360.0
[277062] episode/score 0.0 / episode/length 360.0
[277422] episode/score 0.0 / episode/length 360.0
[277782] episode/score 0.0 / episode/length 360.0
[278142] episode/score 0.0 / episode/length 360.0
[278502] episode/score 0.0 / episode/length 360.0
[278862] episode/score 0.0 / episode/length 360.0
[279222] episode/score 0.0 / episode/length 360.0
[279582] episode/score 0.0 / episode/length 360.0
[279942] episode/score 0.0 / episode/length 360.0
Evaluating the policy...
[280000] episode/eval_score 0.0 / episode/eval_length 360.0
[280066] train/ndnf_delta 4.0 / train/dyn_entropy 3.0 / train/rep_entropy 3.9 / train/act_entropy_coef 0.0 / train/ret 0.0 / train/ret_005 0.3 / train/ret_095 0.3 / train/adv -0.0 / train/adv_std 0.0 / train/con 1.0 / train/rew 0.0 / train/val 0.3 / train/tar 0.3 / train/slowval 0.3 / train/weight 0.9 / train/action_entropy 0.2 / train/action_mean 0.2 / train/action_std 0.4 / train/action_min 0.0 / train/action_max 1.0 / train/ret_replay_mean 0.4 / train/ret_replay_std 0.1 / train/ret_replay_min 0.3 / train/ret_replay_max 1.0 / train/value_replay_mean 0.3 / train/value_replay_std 0.0 / train/value_replay_min 0.3 / train/value_replay_max 0.3 / train/slow_value_replay_mean 0.3 / train/slow_value_replay_std 0.0 / train/slow_value_replay_min 0.3 / train/slow_value_replay_max 0.3 / train/loss/dyn 1.9 / train/loss/rep 1.9 / train/loss/ground 0.8 / train/loss/ndnf_aux 0.3 / train/loss/symbolic 0.8 / train/loss/rew 0.1 / train/loss/con 0.0 / train/loss/policy -0.0 / train/loss/value 0.8 / train/loss/repval 1.4 / train/opt/loss 5.0 / train/opt/lr 0.0 / train/opt/grad_scale 131072.0 / train/opt/updates 8750.0 / fps/fps 48.3
[280302] episode/score 0.0 / episode/length 360.0
[280662] episode/score 0.0 / episode/length 360.0
[281022] episode/score 0.0 / episode/length 360.0
[281382] episode/score 0.0 / episode/length 360.0
[281742] episode/score 0.0 / episode/length 360.0
[282102] episode/score 0.0 / episode/length 360.0
[282462] episode/score 0.0 / episode/length 360.0
[282822] episode/score 0.0 / episode/length 360.0
[283182] episode/score 0.0 / episode/length 360.0
[283542] episode/score 0.0 / episode/length 360.0
[283902] episode/score 0.0 / episode/length 360.0
[284262] episode/score 0.0 / episode/length 360.0
[284622] episode/score 0.0 / episode/length 360.0
[284982] episode/score 0.0 / episode/length 360.0
[285066] train/ndnf_delta 4.0 / train/dyn_entropy 3.0 / train/rep_entropy 3.9 / train/act_entropy_coef 0.0 / train/ret 0.0 / train/ret_005 0.3 / train/ret_095 0.4 / train/adv 0.0 / train/adv_std 0.0 / train/con 1.0 / train/rew 0.0 / train/val 0.3 / train/tar 0.3 / train/slowval 0.3 / train/weight 0.9 / train/action_entropy 0.2 / train/action_mean 0.2 / train/action_std 0.4 / train/action_min 0.0 / train/action_max 1.0 / train/ret_replay_mean 0.4 / train/ret_replay_std 0.1 / train/ret_replay_min 0.3 / train/ret_replay_max 1.0 / train/value_replay_mean 0.4 / train/value_replay_std 0.0 / train/value_replay_min 0.4 / train/value_replay_max 0.4 / train/slow_value_replay_mean 0.4 / train/slow_value_replay_std 0.0 / train/slow_value_replay_min 0.3 / train/slow_value_replay_max 0.4 / train/loss/dyn 1.9 / train/loss/rep 1.9 / train/loss/ground 0.8 / train/loss/ndnf_aux 0.3 / train/loss/symbolic 0.7 / train/loss/rew 0.1 / train/loss/con 0.0 / train/loss/policy -0.0 / train/loss/value 0.7 / train/loss/repval 1.3 / train/opt/loss 4.8 / train/opt/lr 0.0 / train/opt/grad_scale 131072.0 / train/opt/updates 8907.0 / fps/fps 48.8
[285342] episode/score 0.0 / episode/length 360.0
[285702] episode/score 0.0 / episode/length 360.0
[286062] episode/score 0.0 / episode/length 360.0
[286422] episode/score 0.0 / episode/length 360.0
[286782] episode/score 0.0 / episode/length 360.0
[287142] episode/score 0.0 / episode/length 360.0
[287502] episode/score 0.0 / episode/length 360.0
[287862] episode/score 0.0 / episode/length 360.0
[288222] episode/score 0.0 / episode/length 360.0
[288582] episode/score 0.0 / episode/length 360.0
[288942] episode/score 0.0 / episode/length 360.0
[289302] episode/score 0.0 / episode/length 360.0
[289662] episode/score 0.0 / episode/length 360.0
Evaluating the policy...
[290000] episode/eval_score 0.0 / episode/eval_length 360.0
[290022] episode/score 0.0 / episode/length 360.0
[290066] train/ndnf_delta 4.0 / train/dyn_entropy 3.0 / train/rep_entropy 3.9 / train/act_entropy_coef 0.0 / train/ret 0.0 / train/ret_005 0.3 / train/ret_095 0.4 / train/adv 0.0 / train/adv_std 0.0 / train/con 1.0 / train/rew 0.0 / train/val 0.4 / train/tar 0.4 / train/slowval 0.4 / train/weight 0.9 / train/action_entropy 0.1 / train/action_mean 0.2 / train/action_std 0.4 / train/action_min 0.0 / train/action_max 1.0 / train/ret_replay_mean 0.4 / train/ret_replay_std 0.2 / train/ret_replay_min 0.3 / train/ret_replay_max 1.0 / train/value_replay_mean 0.4 / train/value_replay_std 0.0 / train/value_replay_min 0.4 / train/value_replay_max 0.4 / train/slow_value_replay_mean 0.4 / train/slow_value_replay_std 0.0 / train/slow_value_replay_min 0.4 / train/slow_value_replay_max 0.4 / train/loss/dyn 1.8 / train/loss/rep 1.8 / train/loss/ground 0.8 / train/loss/ndnf_aux 0.3 / train/loss/symbolic 0.8 / train/loss/rew 0.1 / train/loss/con 0.1 / train/loss/policy -0.0 / train/loss/value 0.6 / train/loss/repval 1.4 / train/opt/loss 4.6 / train/opt/lr 0.0 / train/opt/grad_scale 131072.0 / train/opt/updates 9063.0 / fps/fps 0.8
[290382] episode/score 0.0 / episode/length 360.0
[290742] episode/score 0.0 / episode/length 360.0
[291102] episode/score 0.0 / episode/length 360.0
[291462] episode/score 0.0 / episode/length 360.0
[291822] episode/score 0.0 / episode/length 360.0
[292182] episode/score 0.0 / episode/length 360.0
[292542] episode/score 0.0 / episode/length 360.0
[292902] episode/score 0.0 / episode/length 360.0
[293262] episode/score 0.0 / episode/length 360.0
[293622] episode/score 0.0 / episode/length 360.0
[293982] episode/score 0.0 / episode/length 360.0
[294342] episode/score 0.0 / episode/length 360.0
[294702] episode/score 0.0 / episode/length 360.0
[295062] episode/score 0.0 / episode/length 360.0
[295066] train/ndnf_delta 4.0 / train/dyn_entropy 3.0 / train/rep_entropy 4.0 / train/act_entropy_coef 0.0 / train/ret 0.0 / train/ret_005 0.3 / train/ret_095 0.4 / train/adv 0.0 / train/adv_std 0.0 / train/con 1.0 / train/rew 0.0 / train/val 0.4 / train/tar 0.4 / train/slowval 0.4 / train/weight 0.9 / train/action_entropy 0.2 / train/action_mean 0.2 / train/action_std 0.4 / train/action_min 0.0 / train/action_max 1.0 / train/ret_replay_mean 0.4 / train/ret_replay_std 0.2 / train/ret_replay_min 0.3 / train/ret_replay_max 1.0 / train/value_replay_mean 0.4 / train/value_replay_std 0.0 / train/value_replay_min 0.4 / train/value_replay_max 0.4 / train/slow_value_replay_mean 0.4 / train/slow_value_replay_std 0.0 / train/slow_value_replay_min 0.4 / train/slow_value_replay_max 0.4 / train/loss/dyn 1.6 / train/loss/rep 1.6 / train/loss/ground 0.8 / train/loss/ndnf_aux 0.3 / train/loss/symbolic 0.8 / train/loss/rew 0.1 / train/loss/con 0.1 / train/loss/policy -0.0 / train/loss/value 0.5 / train/loss/repval 1.3 / train/opt/loss 4.3 / train/opt/lr 0.0 / train/opt/grad_scale 131072.0 / train/opt/updates 9219.0 / fps/fps 50.2
[295422] episode/score 0.0 / episode/length 360.0
[295782] episode/score 0.0 / episode/length 360.0
[296142] episode/score 0.0 / episode/length 360.0
[296502] episode/score 0.0 / episode/length 360.0
[296862] episode/score 0.0 / episode/length 360.0
[297222] episode/score 0.0 / episode/length 360.0
[297582] episode/score 0.0 / episode/length 360.0
[297942] episode/score 0.0 / episode/length 360.0
[298302] episode/score 0.0 / episode/length 360.0
[298662] episode/score 0.0 / episode/length 360.0
[299022] episode/score 0.0 / episode/length 360.0
[299382] episode/score 0.0 / episode/length 360.0
[299742] episode/score 0.0 / episode/length 360.0
