Logdir logdir\ndnf_dreamer_demo_s0
Create envs.
Simulate agent.
Encoder CNN shapes: {}
Encoder MLP shapes: {'symbolic': (147,)}
Decoder CNN shapes: {}
Decoder MLP shapes: {'symbolic': (147,)}
        39,760: rssm
       146,695: actor
       210,431: value
        78,335: reward
        13,057: cont
       170,240: encoder
       182,675: decoder
Optimizer has: 841193 parameters.
Evaluating the policy...
[0] episode/eval_score 0.0 / episode/eval_length 360.0
[16] episode/score 1.0 / episode/length 16.0
[40] episode/score 0.9 / episode/length 24.0
[55] episode/score 1.0 / episode/length 15.0
[66] train/opt/updates 0.0 / fps/fps 0.0
[71] episode/score 1.0 / episode/length 16.0
[94] episode/score 0.9 / episode/length 23.0
[104] episode/score 1.0 / episode/length 10.0
[127] episode/score 0.9 / episode/length 23.0
[147] episode/score 0.9 / episode/length 20.0
[158] episode/score 1.0 / episode/length 11.0
[168] episode/score 1.0 / episode/length 10.0
[192] episode/score 0.9 / episode/length 24.0
[206] episode/score 1.0 / episode/length 14.0
[223] episode/score 1.0 / episode/length 17.0
[238] episode/score 1.0 / episode/length 15.0
[258] episode/score 0.9 / episode/length 20.0
[272] episode/score 1.0 / episode/length 14.0
[298] episode/score 0.9 / episode/length 26.0
[313] episode/score 1.0 / episode/length 15.0
[329] episode/score 1.0 / episode/length 16.0
[349] episode/score 0.9 / episode/length 20.0
[365] episode/score 1.0 / episode/length 16.0
[385] episode/score 0.9 / episode/length 20.0
[404] episode/score 1.0 / episode/length 19.0
[427] episode/score 0.9 / episode/length 23.0
[435] episode/score 1.0 / episode/length 8.0
[452] episode/score 1.0 / episode/length 17.0
[467] episode/score 1.0 / episode/length 15.0
[484] episode/score 1.0 / episode/length 17.0
[504] episode/score 0.9 / episode/length 20.0
[519] episode/score 1.0 / episode/length 15.0
[531] episode/score 1.0 / episode/length 12.0
[546] episode/score 1.0 / episode/length 15.0
[556] episode/score 1.0 / episode/length 10.0
[577] episode/score 0.9 / episode/length 21.0
[595] episode/score 1.0 / episode/length 18.0
[620] episode/score 0.9 / episode/length 25.0
[639] episode/score 1.0 / episode/length 19.0
[656] episode/score 1.0 / episode/length 17.0
[671] episode/score 1.0 / episode/length 15.0
[687] episode/score 1.0 / episode/length 16.0
[707] episode/score 0.9 / episode/length 20.0
[719] episode/score 1.0 / episode/length 12.0
[741] episode/score 0.9 / episode/length 22.0
[755] episode/score 1.0 / episode/length 14.0
[766] episode/score 1.0 / episode/length 11.0
[780] episode/score 1.0 / episode/length 14.0
[788] episode/score 1.0 / episode/length 8.0
[806] episode/score 1.0 / episode/length 18.0
[815] episode/score 1.0 / episode/length 9.0
[834] episode/score 1.0 / episode/length 19.0
[857] episode/score 0.9 / episode/length 23.0
[870] episode/score 1.0 / episode/length 13.0
[884] episode/score 1.0 / episode/length 14.0
[895] episode/score 1.0 / episode/length 11.0
[905] episode/score 1.0 / episode/length 10.0
[925] episode/score 0.9 / episode/length 20.0
[942] episode/score 1.0 / episode/length 17.0
[958] episode/score 1.0 / episode/length 16.0
[975] episode/score 1.0 / episode/length 17.0
[991] episode/score 1.0 / episode/length 16.0
[1006] episode/score 1.0 / episode/length 15.0
[1019] episode/score 1.0 / episode/length 13.0
[1033] episode/score 1.0 / episode/length 14.0
[1047] episode/score 1.0 / episode/length 14.0
[1069] episode/score 0.9 / episode/length 22.0
[1088] episode/score 1.0 / episode/length 19.0
[1104] episode/score 1.0 / episode/length 16.0
[1117] episode/score 1.0 / episode/length 13.0
[1139] episode/score 0.9 / episode/length 22.0
[1164] episode/score 0.9 / episode/length 25.0
[1174] episode/score 1.0 / episode/length 10.0
[1196] episode/score 0.9 / episode/length 22.0
[1210] episode/score 1.0 / episode/length 14.0
[1226] episode/score 1.0 / episode/length 16.0
[1242] episode/score 1.0 / episode/length 16.0
[1258] episode/score 1.0 / episode/length 16.0
[1274] episode/score 1.0 / episode/length 16.0
[1289] episode/score 1.0 / episode/length 15.0
[1301] episode/score 1.0 / episode/length 12.0
[1321] episode/score 0.9 / episode/length 20.0
[1336] episode/score 1.0 / episode/length 15.0
[1354] episode/score 1.0 / episode/length 18.0
[1366] episode/score 1.0 / episode/length 12.0
[1385] episode/score 1.0 / episode/length 19.0
[1398] episode/score 1.0 / episode/length 13.0
[1408] episode/score 1.0 / episode/length 10.0
[1421] episode/score 1.0 / episode/length 13.0
[1438] episode/score 1.0 / episode/length 17.0
[1457] episode/score 1.0 / episode/length 19.0
[1472] episode/score 1.0 / episode/length 15.0
[1488] episode/score 1.0 / episode/length 16.0
[1502] episode/score 1.0 / episode/length 14.0
[1515] episode/score 1.0 / episode/length 13.0
[1531] episode/score 1.0 / episode/length 16.0
[1544] episode/score 1.0 / episode/length 13.0
[1568] episode/score 0.9 / episode/length 24.0
[1579] episode/score 1.0 / episode/length 11.0
[1593] episode/score 1.0 / episode/length 14.0
[1606] episode/score 1.0 / episode/length 13.0
[1624] episode/score 1.0 / episode/length 18.0
[1635] episode/score 1.0 / episode/length 11.0
[1654] episode/score 1.0 / episode/length 19.0
[1663] episode/score 1.0 / episode/length 9.0
[1681] episode/score 1.0 / episode/length 18.0
[1700] episode/score 1.0 / episode/length 19.0
[1714] episode/score 1.0 / episode/length 14.0
[1735] episode/score 0.9 / episode/length 21.0
[1757] episode/score 0.9 / episode/length 22.0
[1768] episode/score 1.0 / episode/length 11.0
[1783] episode/score 1.0 / episode/length 15.0
[1801] episode/score 1.0 / episode/length 18.0
[1820] episode/score 1.0 / episode/length 19.0
[1834] episode/score 1.0 / episode/length 14.0
[1848] episode/score 1.0 / episode/length 14.0
[1870] episode/score 0.9 / episode/length 22.0
[1887] episode/score 1.0 / episode/length 17.0
[1900] episode/score 1.0 / episode/length 13.0
[1918] episode/score 1.0 / episode/length 18.0
[1930] episode/score 1.0 / episode/length 12.0
[1940] episode/score 1.0 / episode/length 10.0
[1954] episode/score 1.0 / episode/length 14.0
[1963] episode/score 1.0 / episode/length 9.0
[1981] episode/score 1.0 / episode/length 18.0
[1991] episode/score 1.0 / episode/length 10.0
[2011] episode/score 0.9 / episode/length 20.0
[2024] episode/score 1.0 / episode/length 13.0
[2036] episode/score 1.0 / episode/length 12.0
[2047] episode/score 1.0 / episode/length 11.0
[2063] episode/score 1.0 / episode/length 16.0
[2082] episode/score 1.0 / episode/length 19.0
[2098] episode/score 1.0 / episode/length 16.0
[2112] episode/score 1.0 / episode/length 14.0
[2125] episode/score 1.0 / episode/length 13.0
[2135] episode/score 1.0 / episode/length 10.0
[2153] episode/score 1.0 / episode/length 18.0
[2165] episode/score 1.0 / episode/length 12.0
[2177] episode/score 1.0 / episode/length 12.0
[2189] episode/score 1.0 / episode/length 12.0
[2204] episode/score 1.0 / episode/length 15.0
[2222] episode/score 1.0 / episode/length 18.0
[2234] episode/score 1.0 / episode/length 12.0
[2259] episode/score 0.9 / episode/length 25.0
[2274] episode/score 1.0 / episode/length 15.0
[2289] episode/score 1.0 / episode/length 15.0
[2305] episode/score 1.0 / episode/length 16.0
[2330] episode/score 0.9 / episode/length 25.0
[2345] episode/score 1.0 / episode/length 15.0
[2363] episode/score 1.0 / episode/length 18.0
[2383] episode/score 0.9 / episode/length 20.0
[2407] episode/score 0.9 / episode/length 24.0
[2423] episode/score 1.0 / episode/length 16.0
[2450] episode/score 0.9 / episode/length 27.0
[2466] episode/score 1.0 / episode/length 16.0
[2481] episode/score 1.0 / episode/length 15.0
[2494] episode/score 1.0 / episode/length 13.0
[2510] episode/score 1.0 / episode/length 16.0
[2528] episode/score 1.0 / episode/length 18.0
[2545] episode/score 1.0 / episode/length 17.0
[2557] episode/score 1.0 / episode/length 12.0
[2577] episode/score 0.9 / episode/length 20.0
[2586] episode/score 1.0 / episode/length 9.0
[2609] episode/score 0.9 / episode/length 23.0
[2628] episode/score 1.0 / episode/length 19.0
[2642] episode/score 1.0 / episode/length 14.0
[2651] episode/score 1.0 / episode/length 9.0
[2669] episode/score 1.0 / episode/length 18.0
[2685] episode/score 1.0 / episode/length 16.0
[2695] episode/score 1.0 / episode/length 10.0
[2714] episode/score 1.0 / episode/length 19.0
[2726] episode/score 1.0 / episode/length 12.0
[2741] episode/score 1.0 / episode/length 15.0
[2757] episode/score 1.0 / episode/length 16.0
[2773] episode/score 1.0 / episode/length 16.0
[2787] episode/score 1.0 / episode/length 14.0
[2806] episode/score 1.0 / episode/length 19.0
[2821] episode/score 1.0 / episode/length 15.0
[2838] episode/score 1.0 / episode/length 17.0
[2850] episode/score 1.0 / episode/length 12.0
[2867] episode/score 1.0 / episode/length 17.0
[2883] episode/score 1.0 / episode/length 16.0
[2894] episode/score 1.0 / episode/length 11.0
[2911] episode/score 1.0 / episode/length 17.0
[2927] episode/score 1.0 / episode/length 16.0
[2944] episode/score 1.0 / episode/length 17.0
[2960] episode/score 1.0 / episode/length 16.0
[2979] episode/score 1.0 / episode/length 19.0
[2995] episode/score 1.0 / episode/length 16.0
[3022] episode/score 0.9 / episode/length 27.0
[3039] episode/score 1.0 / episode/length 17.0
[3056] episode/score 1.0 / episode/length 17.0
[3069] episode/score 1.0 / episode/length 13.0
[3090] episode/score 0.9 / episode/length 21.0
[3113] episode/score 0.9 / episode/length 23.0
[3137] episode/score 0.9 / episode/length 24.0
[3152] episode/score 1.0 / episode/length 15.0
[3178] episode/score 0.9 / episode/length 26.0
[3193] episode/score 1.0 / episode/length 15.0
[3204] episode/score 1.0 / episode/length 11.0
[3224] episode/score 0.9 / episode/length 20.0
[3237] episode/score 1.0 / episode/length 13.0
[3260] episode/score 0.9 / episode/length 23.0
[3275] episode/score 1.0 / episode/length 15.0
[3293] episode/score 1.0 / episode/length 18.0
[3316] episode/score 0.9 / episode/length 23.0
[3328] episode/score 1.0 / episode/length 12.0
[3345] episode/score 1.0 / episode/length 17.0
[3355] episode/score 1.0 / episode/length 10.0
[3365] episode/score 1.0 / episode/length 10.0
[3380] episode/score 1.0 / episode/length 15.0
[3388] episode/score 1.0 / episode/length 8.0
[3399] episode/score 1.0 / episode/length 11.0
[3413] episode/score 1.0 / episode/length 14.0
[3424] episode/score 1.0 / episode/length 11.0
[3438] episode/score 1.0 / episode/length 14.0
[3450] episode/score 1.0 / episode/length 12.0
[3464] episode/score 1.0 / episode/length 14.0
[3476] episode/score 1.0 / episode/length 12.0
[3493] episode/score 1.0 / episode/length 17.0
[3513] episode/score 0.9 / episode/length 20.0
[3532] episode/score 1.0 / episode/length 19.0
[3549] episode/score 1.0 / episode/length 17.0
[3563] episode/score 1.0 / episode/length 14.0
[3579] episode/score 1.0 / episode/length 16.0
[3601] episode/score 0.9 / episode/length 22.0
[3614] episode/score 1.0 / episode/length 13.0
[3630] episode/score 1.0 / episode/length 16.0
[3645] episode/score 1.0 / episode/length 15.0
[3669] episode/score 0.9 / episode/length 24.0
[3680] episode/score 1.0 / episode/length 11.0
[3703] episode/score 0.9 / episode/length 23.0
[3715] episode/score 1.0 / episode/length 12.0
[3731] episode/score 1.0 / episode/length 16.0
[3743] episode/score 1.0 / episode/length 12.0
[3759] episode/score 1.0 / episode/length 16.0
[3773] episode/score 1.0 / episode/length 14.0
[3787] episode/score 1.0 / episode/length 14.0
[3800] episode/score 1.0 / episode/length 13.0
[3820] episode/score 0.9 / episode/length 20.0
[3837] episode/score 1.0 / episode/length 17.0
[3850] episode/score 1.0 / episode/length 13.0
[3859] episode/score 1.0 / episode/length 9.0
[3881] episode/score 0.9 / episode/length 22.0
[3904] episode/score 0.9 / episode/length 23.0
[3919] episode/score 1.0 / episode/length 15.0
[3933] episode/score 1.0 / episode/length 14.0
[3951] episode/score 1.0 / episode/length 18.0
[3965] episode/score 1.0 / episode/length 14.0
[3978] episode/score 1.0 / episode/length 13.0
[3990] episode/score 1.0 / episode/length 12.0
[4005] episode/score 1.0 / episode/length 15.0
[4015] episode/score 1.0 / episode/length 10.0
[4027] episode/score 1.0 / episode/length 12.0
[4043] episode/score 1.0 / episode/length 16.0
[4062] episode/score 1.0 / episode/length 19.0
[4087] episode/score 0.9 / episode/length 25.0
[4101] episode/score 1.0 / episode/length 14.0
[4118] episode/score 1.0 / episode/length 17.0
[4131] episode/score 1.0 / episode/length 13.0
[4148] episode/score 1.0 / episode/length 17.0
[4169] episode/score 0.9 / episode/length 21.0
[4186] episode/score 1.0 / episode/length 17.0
[4206] episode/score 0.9 / episode/length 20.0
[4222] episode/score 1.0 / episode/length 16.0
[4236] episode/score 1.0 / episode/length 14.0
[4255] episode/score 1.0 / episode/length 19.0
[4270] episode/score 1.0 / episode/length 15.0
[4284] episode/score 1.0 / episode/length 14.0
[4305] episode/score 0.9 / episode/length 21.0
[4319] episode/score 1.0 / episode/length 14.0
[4329] episode/score 1.0 / episode/length 10.0
[4345] episode/score 1.0 / episode/length 16.0
[4362] episode/score 1.0 / episode/length 17.0
[4373] episode/score 1.0 / episode/length 11.0
[4390] episode/score 1.0 / episode/length 17.0
[4399] episode/score 1.0 / episode/length 9.0
[4411] episode/score 1.0 / episode/length 12.0
[4427] episode/score 1.0 / episode/length 16.0
[4447] episode/score 0.9 / episode/length 20.0
[4460] episode/score 1.0 / episode/length 13.0
[4480] episode/score 0.9 / episode/length 20.0
[4494] episode/score 1.0 / episode/length 14.0
[4510] episode/score 1.0 / episode/length 16.0
[4521] episode/score 1.0 / episode/length 11.0
[4533] episode/score 1.0 / episode/length 12.0
[4554] episode/score 0.9 / episode/length 21.0
[4566] episode/score 1.0 / episode/length 12.0
[4579] episode/score 1.0 / episode/length 13.0
[4592] episode/score 1.0 / episode/length 13.0
[4609] episode/score 1.0 / episode/length 17.0
[4628] episode/score 1.0 / episode/length 19.0
[4646] episode/score 1.0 / episode/length 18.0
[4660] episode/score 1.0 / episode/length 14.0
[4677] episode/score 1.0 / episode/length 17.0
[4694] episode/score 1.0 / episode/length 17.0
[4709] episode/score 1.0 / episode/length 15.0
[4721] episode/score 1.0 / episode/length 12.0
[4736] episode/score 1.0 / episode/length 15.0
[4758] episode/score 0.9 / episode/length 22.0
[4770] episode/score 1.0 / episode/length 12.0
[4783] episode/score 1.0 / episode/length 13.0
[4796] episode/score 1.0 / episode/length 13.0
[4815] episode/score 1.0 / episode/length 19.0
[4829] episode/score 1.0 / episode/length 14.0
[4851] episode/score 0.9 / episode/length 22.0
[4867] episode/score 1.0 / episode/length 16.0
[4882] episode/score 1.0 / episode/length 15.0
[4898] episode/score 1.0 / episode/length 16.0
[4913] episode/score 1.0 / episode/length 15.0
[4926] episode/score 1.0 / episode/length 13.0
[4937] episode/score 1.0 / episode/length 11.0
[4956] episode/score 1.0 / episode/length 19.0
[4975] episode/score 1.0 / episode/length 19.0
[4992] episode/score 1.0 / episode/length 17.0
[5011] episode/score 1.0 / episode/length 19.0
[5025] episode/score 1.0 / episode/length 14.0
[5050] episode/score 0.9 / episode/length 25.0
[5064] episode/score 1.0 / episode/length 14.0
[5066] train/ndnf_delta 0.1 / train/dyn_entropy 9.0 / train/rep_entropy 9.9 / train/ret 0.0 / train/ret_005 0.0 / train/ret_095 0.0 / train/adv 0.0 / train/adv_std 0.0 / train/con 0.6 / train/rew 0.0 / train/val 0.0 / train/tar 0.0 / train/slowval 0.0 / train/weight 0.1 / train/action_entropy 1.9 / train/action_mean 0.1 / train/action_std 0.3 / train/action_min 0.0 / train/action_max 1.0 / train/ret_replay_mean 0.6 / train/ret_replay_std 0.3 / train/ret_replay_min 0.0 / train/ret_replay_max 1.0 / train/value_replay_mean 0.0 / train/value_replay_std 0.0 / train/value_replay_min 0.0 / train/value_replay_max 0.0 / train/slow_value_replay_mean 0.0 / train/slow_value_replay_std 0.0 / train/slow_value_replay_min 0.0 / train/slow_value_replay_max 0.0 / train/loss/dyn 1.1 / train/loss/rep 1.1 / train/loss/ground 0.6 / train/loss/ndnf_aux 0.5 / train/loss/symbolic 36.0 / train/loss/rew 5.4 / train/loss/con 0.7 / train/loss/policy -0.0 / train/loss/value 0.8 / train/loss/repval 10.0 / train/opt/loss 47.8 / train/opt/lr 0.0 / train/opt/grad_scale 4096.0 / train/opt/updates 157.0 / fps/fps 44.0
[5075] episode/score 1.0 / episode/length 11.0
[5084] episode/score 1.0 / episode/length 9.0
[5101] episode/score 1.0 / episode/length 17.0
[5116] episode/score 1.0 / episode/length 15.0
[5129] episode/score 1.0 / episode/length 13.0
[5147] episode/score 1.0 / episode/length 18.0
[5161] episode/score 1.0 / episode/length 14.0
[5179] episode/score 1.0 / episode/length 18.0
[5193] episode/score 1.0 / episode/length 14.0
[5216] episode/score 0.9 / episode/length 23.0
[5235] episode/score 1.0 / episode/length 19.0
[5257] episode/score 0.9 / episode/length 22.0
[5268] episode/score 1.0 / episode/length 11.0
[5289] episode/score 0.9 / episode/length 21.0
[5305] episode/score 1.0 / episode/length 16.0
[5320] episode/score 1.0 / episode/length 15.0
[5332] episode/score 1.0 / episode/length 12.0
[5352] episode/score 0.9 / episode/length 20.0
[5368] episode/score 1.0 / episode/length 16.0
[5385] episode/score 1.0 / episode/length 17.0
[5402] episode/score 1.0 / episode/length 17.0
[5415] episode/score 1.0 / episode/length 13.0
[5431] episode/score 1.0 / episode/length 16.0
[5444] episode/score 1.0 / episode/length 13.0
[5459] episode/score 1.0 / episode/length 15.0
[5472] episode/score 1.0 / episode/length 13.0
[5483] episode/score 1.0 / episode/length 11.0
[5501] episode/score 1.0 / episode/length 18.0
[5515] episode/score 1.0 / episode/length 14.0
[5530] episode/score 1.0 / episode/length 15.0
[5546] episode/score 1.0 / episode/length 16.0
[5561] episode/score 1.0 / episode/length 15.0
[5576] episode/score 1.0 / episode/length 15.0
[5593] episode/score 1.0 / episode/length 17.0
[5605] episode/score 1.0 / episode/length 12.0
[5621] episode/score 1.0 / episode/length 16.0
[5633] episode/score 1.0 / episode/length 12.0
[5651] episode/score 1.0 / episode/length 18.0
[5669] episode/score 1.0 / episode/length 18.0
[5684] episode/score 1.0 / episode/length 15.0
[5696] episode/score 1.0 / episode/length 12.0
[5712] episode/score 1.0 / episode/length 16.0
[5732] episode/score 0.9 / episode/length 20.0
[5747] episode/score 1.0 / episode/length 15.0
[5773] episode/score 0.9 / episode/length 26.0
[5783] episode/score 1.0 / episode/length 10.0
[5805] episode/score 0.9 / episode/length 22.0
[5819] episode/score 1.0 / episode/length 14.0
[5836] episode/score 1.0 / episode/length 17.0
[5854] episode/score 1.0 / episode/length 18.0
[5866] episode/score 1.0 / episode/length 12.0
[5879] episode/score 1.0 / episode/length 13.0
[5893] episode/score 1.0 / episode/length 14.0
[5907] episode/score 1.0 / episode/length 14.0
[5921] episode/score 1.0 / episode/length 14.0
[5936] episode/score 1.0 / episode/length 15.0
[5955] episode/score 1.0 / episode/length 19.0
[5972] episode/score 1.0 / episode/length 17.0
[5986] episode/score 1.0 / episode/length 14.0
[5997] episode/score 1.0 / episode/length 11.0
[6009] episode/score 1.0 / episode/length 12.0
[6019] episode/score 1.0 / episode/length 10.0
[6037] episode/score 1.0 / episode/length 18.0
[6053] episode/score 1.0 / episode/length 16.0
[6066] episode/score 1.0 / episode/length 13.0
[6084] episode/score 1.0 / episode/length 18.0
[6097] episode/score 1.0 / episode/length 13.0
[6108] episode/score 1.0 / episode/length 11.0
[6124] episode/score 1.0 / episode/length 16.0
[6138] episode/score 1.0 / episode/length 14.0
[6154] episode/score 1.0 / episode/length 16.0
[6170] episode/score 1.0 / episode/length 16.0
[6183] episode/score 1.0 / episode/length 13.0
[6199] episode/score 1.0 / episode/length 16.0
[6214] episode/score 1.0 / episode/length 15.0
[6228] episode/score 1.0 / episode/length 14.0
[6243] episode/score 1.0 / episode/length 15.0
[6256] episode/score 1.0 / episode/length 13.0
[6269] episode/score 1.0 / episode/length 13.0
[6285] episode/score 1.0 / episode/length 16.0
[6296] episode/score 1.0 / episode/length 11.0
[6306] episode/score 1.0 / episode/length 10.0
[6319] episode/score 1.0 / episode/length 13.0
[6337] episode/score 1.0 / episode/length 18.0
[6352] episode/score 1.0 / episode/length 15.0
[6371] episode/score 1.0 / episode/length 19.0
[6387] episode/score 1.0 / episode/length 16.0
[6401] episode/score 1.0 / episode/length 14.0
[6413] episode/score 1.0 / episode/length 12.0
[6425] episode/score 1.0 / episode/length 12.0
[6438] episode/score 1.0 / episode/length 13.0
[6452] episode/score 1.0 / episode/length 14.0
[6475] episode/score 0.9 / episode/length 23.0
[6488] episode/score 1.0 / episode/length 13.0
[6507] episode/score 1.0 / episode/length 19.0
[6529] episode/score 0.9 / episode/length 22.0
[6542] episode/score 1.0 / episode/length 13.0
[6559] episode/score 1.0 / episode/length 17.0
[6574] episode/score 1.0 / episode/length 15.0
[6585] episode/score 1.0 / episode/length 11.0
[6604] episode/score 1.0 / episode/length 19.0
[6620] episode/score 1.0 / episode/length 16.0
[6638] episode/score 1.0 / episode/length 18.0
[6651] episode/score 1.0 / episode/length 13.0
[6666] episode/score 1.0 / episode/length 15.0
[6677] episode/score 1.0 / episode/length 11.0
[6698] episode/score 0.9 / episode/length 21.0
[6715] episode/score 1.0 / episode/length 17.0
[6727] episode/score 1.0 / episode/length 12.0
[6744] episode/score 1.0 / episode/length 17.0
[6767] episode/score 0.9 / episode/length 23.0
[6781] episode/score 1.0 / episode/length 14.0
[6795] episode/score 1.0 / episode/length 14.0
[6818] episode/score 0.9 / episode/length 23.0
[6834] episode/score 1.0 / episode/length 16.0
[6846] episode/score 1.0 / episode/length 12.0
[6859] episode/score 1.0 / episode/length 13.0
[6869] episode/score 1.0 / episode/length 10.0
[6893] episode/score 0.9 / episode/length 24.0
[6911] episode/score 1.0 / episode/length 18.0
[6927] episode/score 1.0 / episode/length 16.0
[6940] episode/score 1.0 / episode/length 13.0
[6950] episode/score 1.0 / episode/length 10.0
[6966] episode/score 1.0 / episode/length 16.0
[6984] episode/score 1.0 / episode/length 18.0
[6998] episode/score 1.0 / episode/length 14.0
[7017] episode/score 1.0 / episode/length 19.0
[7033] episode/score 1.0 / episode/length 16.0
[7044] episode/score 1.0 / episode/length 11.0
[7058] episode/score 1.0 / episode/length 14.0
[7069] episode/score 1.0 / episode/length 11.0
[7078] episode/score 1.0 / episode/length 9.0
[7090] episode/score 1.0 / episode/length 12.0
[7101] episode/score 1.0 / episode/length 11.0
[7126] episode/score 0.9 / episode/length 25.0
[7147] episode/score 0.9 / episode/length 21.0
[7161] episode/score 1.0 / episode/length 14.0
[7176] episode/score 1.0 / episode/length 15.0
[7194] episode/score 1.0 / episode/length 18.0
[7207] episode/score 1.0 / episode/length 13.0
[7220] episode/score 1.0 / episode/length 13.0
[7233] episode/score 1.0 / episode/length 13.0
[7244] episode/score 1.0 / episode/length 11.0
[7257] episode/score 1.0 / episode/length 13.0
[7281] episode/score 0.9 / episode/length 24.0
[7299] episode/score 1.0 / episode/length 18.0
[7315] episode/score 1.0 / episode/length 16.0
[7328] episode/score 1.0 / episode/length 13.0
[7343] episode/score 1.0 / episode/length 15.0
[7364] episode/score 0.9 / episode/length 21.0
[7383] episode/score 1.0 / episode/length 19.0
[7403] episode/score 0.9 / episode/length 20.0
[7415] episode/score 1.0 / episode/length 12.0
[7434] episode/score 1.0 / episode/length 19.0
[7450] episode/score 1.0 / episode/length 16.0
[7465] episode/score 1.0 / episode/length 15.0
[7477] episode/score 1.0 / episode/length 12.0
[7490] episode/score 1.0 / episode/length 13.0
[7504] episode/score 1.0 / episode/length 14.0
[7521] episode/score 1.0 / episode/length 17.0
[7537] episode/score 1.0 / episode/length 16.0
[7549] episode/score 1.0 / episode/length 12.0
[7561] episode/score 1.0 / episode/length 12.0
[7575] episode/score 1.0 / episode/length 14.0
[7589] episode/score 1.0 / episode/length 14.0
[7603] episode/score 1.0 / episode/length 14.0
[7615] episode/score 1.0 / episode/length 12.0
[7629] episode/score 1.0 / episode/length 14.0
[7644] episode/score 1.0 / episode/length 15.0
[7659] episode/score 1.0 / episode/length 15.0
[7671] episode/score 1.0 / episode/length 12.0
[7685] episode/score 1.0 / episode/length 14.0
[7704] episode/score 1.0 / episode/length 19.0
[7715] episode/score 1.0 / episode/length 11.0
[7734] episode/score 1.0 / episode/length 19.0
[7745] episode/score 1.0 / episode/length 11.0
[7766] episode/score 0.9 / episode/length 21.0
[7791] episode/score 0.9 / episode/length 25.0
[7805] episode/score 1.0 / episode/length 14.0
[7823] episode/score 1.0 / episode/length 18.0
[7838] episode/score 1.0 / episode/length 15.0
[7849] episode/score 1.0 / episode/length 11.0
[7866] episode/score 1.0 / episode/length 17.0
[7880] episode/score 1.0 / episode/length 14.0
[7896] episode/score 1.0 / episode/length 16.0
[7914] episode/score 1.0 / episode/length 18.0
[7929] episode/score 1.0 / episode/length 15.0
[7958] episode/score 0.9 / episode/length 29.0
[7972] episode/score 1.0 / episode/length 14.0
[7993] episode/score 0.9 / episode/length 21.0
[8006] episode/score 1.0 / episode/length 13.0
[8019] episode/score 1.0 / episode/length 13.0
[8036] episode/score 1.0 / episode/length 17.0
[8049] episode/score 1.0 / episode/length 13.0
[8069] episode/score 0.9 / episode/length 20.0
[8089] episode/score 0.9 / episode/length 20.0
[8104] episode/score 1.0 / episode/length 15.0
[8115] episode/score 1.0 / episode/length 11.0
[8131] episode/score 1.0 / episode/length 16.0
[8141] episode/score 1.0 / episode/length 10.0
[8159] episode/score 1.0 / episode/length 18.0
[8171] episode/score 1.0 / episode/length 12.0
[8197] episode/score 0.9 / episode/length 26.0
[8216] episode/score 1.0 / episode/length 19.0
[8227] episode/score 1.0 / episode/length 11.0
[8244] episode/score 1.0 / episode/length 17.0
[8256] episode/score 1.0 / episode/length 12.0
[8273] episode/score 1.0 / episode/length 17.0
[8290] episode/score 1.0 / episode/length 17.0
[8308] episode/score 1.0 / episode/length 18.0
[8324] episode/score 1.0 / episode/length 16.0
[8339] episode/score 1.0 / episode/length 15.0
[8355] episode/score 1.0 / episode/length 16.0
[8374] episode/score 1.0 / episode/length 19.0
[8390] episode/score 1.0 / episode/length 16.0
[8403] episode/score 1.0 / episode/length 13.0
[8432] episode/score 0.9 / episode/length 29.0
[8442] episode/score 1.0 / episode/length 10.0
[8458] episode/score 1.0 / episode/length 16.0
[8477] episode/score 1.0 / episode/length 19.0
[8493] episode/score 1.0 / episode/length 16.0
[8502] episode/score 1.0 / episode/length 9.0
[8521] episode/score 1.0 / episode/length 19.0
[8533] episode/score 1.0 / episode/length 12.0
[8544] episode/score 1.0 / episode/length 11.0
[8569] episode/score 0.9 / episode/length 25.0
[8587] episode/score 1.0 / episode/length 18.0
[8605] episode/score 1.0 / episode/length 18.0
[8617] episode/score 1.0 / episode/length 12.0
[8636] episode/score 1.0 / episode/length 19.0
[8649] episode/score 1.0 / episode/length 13.0
[8674] episode/score 0.9 / episode/length 25.0
[8687] episode/score 1.0 / episode/length 13.0
[8698] episode/score 1.0 / episode/length 11.0
[8724] episode/score 0.9 / episode/length 26.0
[8744] episode/score 0.9 / episode/length 20.0
[8764] episode/score 0.9 / episode/length 20.0
[8780] episode/score 1.0 / episode/length 16.0
[8792] episode/score 1.0 / episode/length 12.0
[8805] episode/score 1.0 / episode/length 13.0
[8819] episode/score 1.0 / episode/length 14.0
[8834] episode/score 1.0 / episode/length 15.0
[8851] episode/score 1.0 / episode/length 17.0
[8869] episode/score 1.0 / episode/length 18.0
[8887] episode/score 1.0 / episode/length 18.0
[8896] episode/score 1.0 / episode/length 9.0
[8907] episode/score 1.0 / episode/length 11.0
[8926] episode/score 1.0 / episode/length 19.0
[8935] episode/score 1.0 / episode/length 9.0
[8950] episode/score 1.0 / episode/length 15.0
[8968] episode/score 1.0 / episode/length 18.0
[8981] episode/score 1.0 / episode/length 13.0
[8994] episode/score 1.0 / episode/length 13.0
[9012] episode/score 1.0 / episode/length 18.0
[9029] episode/score 1.0 / episode/length 17.0
[9041] episode/score 1.0 / episode/length 12.0
[9061] episode/score 0.9 / episode/length 20.0
[9071] episode/score 1.0 / episode/length 10.0
[9086] episode/score 1.0 / episode/length 15.0
[9102] episode/score 1.0 / episode/length 16.0
[9124] episode/score 0.9 / episode/length 22.0
[9146] episode/score 0.9 / episode/length 22.0
[9162] episode/score 1.0 / episode/length 16.0
[9176] episode/score 1.0 / episode/length 14.0
[9197] episode/score 0.9 / episode/length 21.0
[9211] episode/score 1.0 / episode/length 14.0
[9222] episode/score 1.0 / episode/length 11.0
[9247] episode/score 0.9 / episode/length 25.0
[9255] episode/score 1.0 / episode/length 8.0
[9272] episode/score 1.0 / episode/length 17.0
[9286] episode/score 1.0 / episode/length 14.0
[9303] episode/score 1.0 / episode/length 17.0
[9323] episode/score 0.9 / episode/length 20.0
[9336] episode/score 1.0 / episode/length 13.0
[9355] episode/score 1.0 / episode/length 19.0
[9371] episode/score 1.0 / episode/length 16.0
[9388] episode/score 1.0 / episode/length 17.0
[9409] episode/score 0.9 / episode/length 21.0
[9419] episode/score 1.0 / episode/length 10.0
[9433] episode/score 1.0 / episode/length 14.0
[9451] episode/score 1.0 / episode/length 18.0
[9470] episode/score 1.0 / episode/length 19.0
[9482] episode/score 1.0 / episode/length 12.0
[9498] episode/score 1.0 / episode/length 16.0
[9519] episode/score 0.9 / episode/length 21.0
[9530] episode/score 1.0 / episode/length 11.0
[9552] episode/score 0.9 / episode/length 22.0
[9565] episode/score 1.0 / episode/length 13.0
[9587] episode/score 0.9 / episode/length 22.0
[9605] episode/score 1.0 / episode/length 18.0
[9618] episode/score 1.0 / episode/length 13.0
[9634] episode/score 1.0 / episode/length 16.0
[9650] episode/score 1.0 / episode/length 16.0
[9663] episode/score 1.0 / episode/length 13.0
[9678] episode/score 1.0 / episode/length 15.0
[9688] episode/score 1.0 / episode/length 10.0
[9702] episode/score 1.0 / episode/length 14.0
[9721] episode/score 1.0 / episode/length 19.0
[9734] episode/score 1.0 / episode/length 13.0
[9752] episode/score 1.0 / episode/length 18.0
[9765] episode/score 1.0 / episode/length 13.0
[9778] episode/score 1.0 / episode/length 13.0
[9793] episode/score 1.0 / episode/length 15.0
[9811] episode/score 1.0 / episode/length 18.0
[9822] episode/score 1.0 / episode/length 11.0
[9839] episode/score 1.0 / episode/length 17.0
[9856] episode/score 1.0 / episode/length 17.0
[9874] episode/score 1.0 / episode/length 18.0
[9890] episode/score 1.0 / episode/length 16.0
[9903] episode/score 1.0 / episode/length 13.0
[9917] episode/score 1.0 / episode/length 14.0
[9930] episode/score 1.0 / episode/length 13.0
[9946] episode/score 1.0 / episode/length 16.0
[9960] episode/score 1.0 / episode/length 14.0
[9982] episode/score 0.9 / episode/length 22.0
Evaluating the policy...
[10000] episode/eval_score 0.0 / episode/eval_length 360.0
[10000] episode/score 1.0 / episode/length 18.0
[10018] episode/score 1.0 / episode/length 18.0
[10033] episode/score 1.0 / episode/length 15.0
[10048] episode/score 1.0 / episode/length 15.0
[10059] episode/score 1.0 / episode/length 11.0
[10066] train/ndnf_delta 0.1 / train/dyn_entropy 8.8 / train/rep_entropy 9.7 / train/ret 0.0 / train/ret_005 0.0 / train/ret_095 0.0 / train/adv 0.0 / train/adv_std 0.0 / train/con 0.7 / train/rew 0.0 / train/val 0.0 / train/tar 0.0 / train/slowval 0.0 / train/weight 0.1 / train/action_entropy 1.9 / train/action_mean 0.1 / train/action_std 0.3 / train/action_min 0.0 / train/action_max 1.0 / train/ret_replay_mean 0.6 / train/ret_replay_std 0.3 / train/ret_replay_min 0.0 / train/ret_replay_max 1.0 / train/value_replay_mean 0.0 / train/value_replay_std 0.0 / train/value_replay_min 0.0 / train/value_replay_max 0.0 / train/slow_value_replay_mean 0.0 / train/slow_value_replay_std 0.0 / train/slow_value_replay_min 0.0 / train/slow_value_replay_max 0.0 / train/loss/dyn 1.1 / train/loss/rep 1.1 / train/loss/ground 0.6 / train/loss/ndnf_aux 0.5 / train/loss/symbolic 7.2 / train/loss/rew 4.7 / train/loss/con 0.5 / train/loss/policy 0.0 / train/loss/value 1.1 / train/loss/repval 8.0 / train/opt/loss 17.9 / train/opt/lr 0.0 / train/opt/grad_scale 4096.0 / train/opt/updates 313.0 / fps/fps 46.0
[10072] episode/score 1.0 / episode/length 13.0
[10082] episode/score 1.0 / episode/length 10.0
[10105] episode/score 0.9 / episode/length 23.0
[10124] episode/score 1.0 / episode/length 19.0
[10136] episode/score 1.0 / episode/length 12.0
[10152] episode/score 1.0 / episode/length 16.0
[10172] episode/score 0.9 / episode/length 20.0
[10186] episode/score 1.0 / episode/length 14.0
[10201] episode/score 1.0 / episode/length 15.0
[10213] episode/score 1.0 / episode/length 12.0
[10229] episode/score 1.0 / episode/length 16.0
[10239] episode/score 1.0 / episode/length 10.0
[10255] episode/score 1.0 / episode/length 16.0
[10274] episode/score 1.0 / episode/length 19.0
[10290] episode/score 1.0 / episode/length 16.0
[10303] episode/score 1.0 / episode/length 13.0
[10314] episode/score 1.0 / episode/length 11.0
[10333] episode/score 1.0 / episode/length 19.0
[10343] episode/score 1.0 / episode/length 10.0
[10363] episode/score 0.9 / episode/length 20.0
[10389] episode/score 0.9 / episode/length 26.0
[10404] episode/score 1.0 / episode/length 15.0
[10424] episode/score 0.9 / episode/length 20.0
[10443] episode/score 1.0 / episode/length 19.0
[10458] episode/score 1.0 / episode/length 15.0
[10480] episode/score 0.9 / episode/length 22.0
[10497] episode/score 1.0 / episode/length 17.0
[10509] episode/score 1.0 / episode/length 12.0
[10528] episode/score 1.0 / episode/length 19.0
[10541] episode/score 1.0 / episode/length 13.0
[10562] episode/score 0.9 / episode/length 21.0
[10573] episode/score 1.0 / episode/length 11.0
[10590] episode/score 1.0 / episode/length 17.0
[10606] episode/score 1.0 / episode/length 16.0
[10621] episode/score 1.0 / episode/length 15.0
[10641] episode/score 0.9 / episode/length 20.0
[10657] episode/score 1.0 / episode/length 16.0
[10673] episode/score 1.0 / episode/length 16.0
[10683] episode/score 1.0 / episode/length 10.0
[10693] episode/score 1.0 / episode/length 10.0
[10714] episode/score 0.9 / episode/length 21.0
[10727] episode/score 1.0 / episode/length 13.0
[10738] episode/score 1.0 / episode/length 11.0
[10750] episode/score 1.0 / episode/length 12.0
[10770] episode/score 0.9 / episode/length 20.0
[10781] episode/score 1.0 / episode/length 11.0
[10792] episode/score 1.0 / episode/length 11.0
[10802] episode/score 1.0 / episode/length 10.0
[10815] episode/score 1.0 / episode/length 13.0
[10831] episode/score 1.0 / episode/length 16.0
[10853] episode/score 0.9 / episode/length 22.0
[10868] episode/score 1.0 / episode/length 15.0
[10885] episode/score 1.0 / episode/length 17.0
[10899] episode/score 1.0 / episode/length 14.0
[10912] episode/score 1.0 / episode/length 13.0
[10923] episode/score 1.0 / episode/length 11.0
[10942] episode/score 1.0 / episode/length 19.0
[10961] episode/score 1.0 / episode/length 19.0
[10973] episode/score 1.0 / episode/length 12.0
[10989] episode/score 1.0 / episode/length 16.0
[11006] episode/score 1.0 / episode/length 17.0
[11032] episode/score 0.9 / episode/length 26.0
[11045] episode/score 1.0 / episode/length 13.0
[11058] episode/score 1.0 / episode/length 13.0
[11075] episode/score 1.0 / episode/length 17.0
[11092] episode/score 1.0 / episode/length 17.0
[11114] episode/score 0.9 / episode/length 22.0
[11133] episode/score 1.0 / episode/length 19.0
[11152] episode/score 1.0 / episode/length 19.0
[11162] episode/score 1.0 / episode/length 10.0
[11184] episode/score 0.9 / episode/length 22.0
[11201] episode/score 1.0 / episode/length 17.0
[11212] episode/score 1.0 / episode/length 11.0
[11227] episode/score 1.0 / episode/length 15.0
[11245] episode/score 1.0 / episode/length 18.0
[11263] episode/score 1.0 / episode/length 18.0
[11281] episode/score 1.0 / episode/length 18.0
[11302] episode/score 0.9 / episode/length 21.0
[11313] episode/score 1.0 / episode/length 11.0
[11330] episode/score 1.0 / episode/length 17.0
[11344] episode/score 1.0 / episode/length 14.0
[11364] episode/score 0.9 / episode/length 20.0
[11374] episode/score 1.0 / episode/length 10.0
[11391] episode/score 1.0 / episode/length 17.0
[11405] episode/score 1.0 / episode/length 14.0
[11416] episode/score 1.0 / episode/length 11.0
[11426] episode/score 1.0 / episode/length 10.0
[11438] episode/score 1.0 / episode/length 12.0
[11461] episode/score 0.9 / episode/length 23.0
[11481] episode/score 0.9 / episode/length 20.0
[11494] episode/score 1.0 / episode/length 13.0
[11518] episode/score 0.9 / episode/length 24.0
[11540] episode/score 0.9 / episode/length 22.0
[11556] episode/score 1.0 / episode/length 16.0
[11567] episode/score 1.0 / episode/length 11.0
[11582] episode/score 1.0 / episode/length 15.0
[11600] episode/score 1.0 / episode/length 18.0
[11614] episode/score 1.0 / episode/length 14.0
[11630] episode/score 1.0 / episode/length 16.0
[11649] episode/score 1.0 / episode/length 19.0
[11663] episode/score 1.0 / episode/length 14.0
[11679] episode/score 1.0 / episode/length 16.0
[11704] episode/score 0.9 / episode/length 25.0
[11720] episode/score 1.0 / episode/length 16.0
[11732] episode/score 1.0 / episode/length 12.0
[11753] episode/score 0.9 / episode/length 21.0
[11772] episode/score 1.0 / episode/length 19.0
[11787] episode/score 1.0 / episode/length 15.0
[11802] episode/score 1.0 / episode/length 15.0
[11819] episode/score 1.0 / episode/length 17.0
[11845] episode/score 0.9 / episode/length 26.0
[11857] episode/score 1.0 / episode/length 12.0
[11878] episode/score 0.9 / episode/length 21.0
[11894] episode/score 1.0 / episode/length 16.0
[11903] episode/score 1.0 / episode/length 9.0
[11918] episode/score 1.0 / episode/length 15.0
[11933] episode/score 1.0 / episode/length 15.0
[11949] episode/score 1.0 / episode/length 16.0
[11964] episode/score 1.0 / episode/length 15.0
[11981] episode/score 1.0 / episode/length 17.0
[11993] episode/score 1.0 / episode/length 12.0
[12004] episode/score 1.0 / episode/length 11.0
[12025] episode/score 0.9 / episode/length 21.0
[12049] episode/score 0.9 / episode/length 24.0
[12061] episode/score 1.0 / episode/length 12.0
[12085] episode/score 0.9 / episode/length 24.0
[12106] episode/score 0.9 / episode/length 21.0
[12130] episode/score 0.9 / episode/length 24.0
[12144] episode/score 1.0 / episode/length 14.0
[12170] episode/score 0.9 / episode/length 26.0
[12184] episode/score 1.0 / episode/length 14.0
[12203] episode/score 1.0 / episode/length 19.0
[12221] episode/score 1.0 / episode/length 18.0
[12240] episode/score 1.0 / episode/length 19.0
[12251] episode/score 1.0 / episode/length 11.0
[12264] episode/score 1.0 / episode/length 13.0
[12278] episode/score 1.0 / episode/length 14.0
[12291] episode/score 1.0 / episode/length 13.0
[12305] episode/score 1.0 / episode/length 14.0
[12313] episode/score 1.0 / episode/length 8.0
[12324] episode/score 1.0 / episode/length 11.0
[12343] episode/score 1.0 / episode/length 19.0
[12363] episode/score 0.9 / episode/length 20.0
[12381] episode/score 1.0 / episode/length 18.0
[12397] episode/score 1.0 / episode/length 16.0
[12412] episode/score 1.0 / episode/length 15.0
[12427] episode/score 1.0 / episode/length 15.0
[12438] episode/score 1.0 / episode/length 11.0
[12449] episode/score 1.0 / episode/length 11.0
[12459] episode/score 1.0 / episode/length 10.0
[12482] episode/score 0.9 / episode/length 23.0
[12498] episode/score 1.0 / episode/length 16.0
[12513] episode/score 1.0 / episode/length 15.0
[12527] episode/score 1.0 / episode/length 14.0
[12545] episode/score 1.0 / episode/length 18.0
[12561] episode/score 1.0 / episode/length 16.0
[12576] episode/score 1.0 / episode/length 15.0
[12590] episode/score 1.0 / episode/length 14.0
[12601] episode/score 1.0 / episode/length 11.0
[12613] episode/score 1.0 / episode/length 12.0
[12624] episode/score 1.0 / episode/length 11.0
[12640] episode/score 1.0 / episode/length 16.0
[12654] episode/score 1.0 / episode/length 14.0
[12672] episode/score 1.0 / episode/length 18.0
[12688] episode/score 1.0 / episode/length 16.0
[12715] episode/score 0.9 / episode/length 27.0
[12732] episode/score 1.0 / episode/length 17.0
[12752] episode/score 0.9 / episode/length 20.0
[12770] episode/score 1.0 / episode/length 18.0
[12791] episode/score 0.9 / episode/length 21.0
[12807] episode/score 1.0 / episode/length 16.0
[12819] episode/score 1.0 / episode/length 12.0
[12829] episode/score 1.0 / episode/length 10.0
[12844] episode/score 1.0 / episode/length 15.0
[12864] episode/score 0.9 / episode/length 20.0
[12883] episode/score 1.0 / episode/length 19.0
[12909] episode/score 0.9 / episode/length 26.0
[12932] episode/score 0.9 / episode/length 23.0
[12950] episode/score 1.0 / episode/length 18.0
[12969] episode/score 1.0 / episode/length 19.0
[12981] episode/score 1.0 / episode/length 12.0
[12993] episode/score 1.0 / episode/length 12.0
[13005] episode/score 1.0 / episode/length 12.0
[13026] episode/score 0.9 / episode/length 21.0
[13037] episode/score 1.0 / episode/length 11.0
[13051] episode/score 1.0 / episode/length 14.0
[13067] episode/score 1.0 / episode/length 16.0
[13080] episode/score 1.0 / episode/length 13.0
[13093] episode/score 1.0 / episode/length 13.0
[13111] episode/score 1.0 / episode/length 18.0
[13125] episode/score 1.0 / episode/length 14.0
[13137] episode/score 1.0 / episode/length 12.0
[13155] episode/score 1.0 / episode/length 18.0
[13167] episode/score 1.0 / episode/length 12.0
[13175] episode/score 1.0 / episode/length 8.0
[13190] episode/score 1.0 / episode/length 15.0
[13202] episode/score 1.0 / episode/length 12.0
[13221] episode/score 1.0 / episode/length 19.0
[13233] episode/score 1.0 / episode/length 12.0
[13250] episode/score 1.0 / episode/length 17.0
[13269] episode/score 1.0 / episode/length 19.0
[13280] episode/score 1.0 / episode/length 11.0
[13292] episode/score 1.0 / episode/length 12.0
[13313] episode/score 0.9 / episode/length 21.0
[13323] episode/score 1.0 / episode/length 10.0
[13342] episode/score 1.0 / episode/length 19.0
[13357] episode/score 1.0 / episode/length 15.0
[13372] episode/score 1.0 / episode/length 15.0
[13397] episode/score 0.9 / episode/length 25.0
[13418] episode/score 0.9 / episode/length 21.0
[13430] episode/score 1.0 / episode/length 12.0
[13450] episode/score 0.9 / episode/length 20.0
[13463] episode/score 1.0 / episode/length 13.0
[13478] episode/score 1.0 / episode/length 15.0
[13500] episode/score 0.9 / episode/length 22.0
[13516] episode/score 1.0 / episode/length 16.0
[13543] episode/score 0.9 / episode/length 27.0
[13552] episode/score 1.0 / episode/length 9.0
[13561] episode/score 1.0 / episode/length 9.0
[13583] episode/score 0.9 / episode/length 22.0
[13601] episode/score 1.0 / episode/length 18.0
[13612] episode/score 1.0 / episode/length 11.0
[13633] episode/score 0.9 / episode/length 21.0
[13649] episode/score 1.0 / episode/length 16.0
[13668] episode/score 1.0 / episode/length 19.0
[13684] episode/score 1.0 / episode/length 16.0
[13698] episode/score 1.0 / episode/length 14.0
[13716] episode/score 1.0 / episode/length 18.0
[13731] episode/score 1.0 / episode/length 15.0
[13750] episode/score 1.0 / episode/length 19.0
[13776] episode/score 0.9 / episode/length 26.0
[13786] episode/score 1.0 / episode/length 10.0
[13799] episode/score 1.0 / episode/length 13.0
[13820] episode/score 0.9 / episode/length 21.0
[13835] episode/score 1.0 / episode/length 15.0
[13855] episode/score 0.9 / episode/length 20.0
[13866] episode/score 1.0 / episode/length 11.0
[13877] episode/score 1.0 / episode/length 11.0
[13892] episode/score 1.0 / episode/length 15.0
[13903] episode/score 1.0 / episode/length 11.0
[13916] episode/score 1.0 / episode/length 13.0
[13931] episode/score 1.0 / episode/length 15.0
[13956] episode/score 0.9 / episode/length 25.0
[13971] episode/score 1.0 / episode/length 15.0
[13991] episode/score 0.9 / episode/length 20.0
[14005] episode/score 1.0 / episode/length 14.0
[14015] episode/score 1.0 / episode/length 10.0
[14041] episode/score 0.9 / episode/length 26.0
[14055] episode/score 1.0 / episode/length 14.0
[14076] episode/score 0.9 / episode/length 21.0
[14096] episode/score 0.9 / episode/length 20.0
[14109] episode/score 1.0 / episode/length 13.0
[14128] episode/score 1.0 / episode/length 19.0
[14144] episode/score 1.0 / episode/length 16.0
[14156] episode/score 1.0 / episode/length 12.0
[14169] episode/score 1.0 / episode/length 13.0
[14181] episode/score 1.0 / episode/length 12.0
[14202] episode/score 0.9 / episode/length 21.0
[14226] episode/score 0.9 / episode/length 24.0
[14245] episode/score 1.0 / episode/length 19.0
[14260] episode/score 1.0 / episode/length 15.0
[14272] episode/score 1.0 / episode/length 12.0
[14293] episode/score 0.9 / episode/length 21.0
[14308] episode/score 1.0 / episode/length 15.0
[14320] episode/score 1.0 / episode/length 12.0
[14331] episode/score 1.0 / episode/length 11.0
[14349] episode/score 1.0 / episode/length 18.0
[14364] episode/score 1.0 / episode/length 15.0
[14385] episode/score 0.9 / episode/length 21.0
[14394] episode/score 1.0 / episode/length 9.0
[14407] episode/score 1.0 / episode/length 13.0
[14423] episode/score 1.0 / episode/length 16.0
[14443] episode/score 0.9 / episode/length 20.0
[14455] episode/score 1.0 / episode/length 12.0
[14469] episode/score 1.0 / episode/length 14.0
[14490] episode/score 0.9 / episode/length 21.0
[14506] episode/score 1.0 / episode/length 16.0
[14525] episode/score 1.0 / episode/length 19.0
[14538] episode/score 1.0 / episode/length 13.0
[14554] episode/score 1.0 / episode/length 16.0
[14576] episode/score 0.9 / episode/length 22.0
[14586] episode/score 1.0 / episode/length 10.0
[14597] episode/score 1.0 / episode/length 11.0
[14611] episode/score 1.0 / episode/length 14.0
[14625] episode/score 1.0 / episode/length 14.0
[14636] episode/score 1.0 / episode/length 11.0
[14647] episode/score 1.0 / episode/length 11.0
[14659] episode/score 1.0 / episode/length 12.0
[14675] episode/score 1.0 / episode/length 16.0
[14690] episode/score 1.0 / episode/length 15.0
[14703] episode/score 1.0 / episode/length 13.0
[14719] episode/score 1.0 / episode/length 16.0
[14740] episode/score 0.9 / episode/length 21.0
[14758] episode/score 1.0 / episode/length 18.0
[14770] episode/score 1.0 / episode/length 12.0
[14787] episode/score 1.0 / episode/length 17.0
[14804] episode/score 1.0 / episode/length 17.0
[14824] episode/score 0.9 / episode/length 20.0
[14839] episode/score 1.0 / episode/length 15.0
[14855] episode/score 1.0 / episode/length 16.0
[14869] episode/score 1.0 / episode/length 14.0
[14891] episode/score 0.9 / episode/length 22.0
[14922] episode/score 0.9 / episode/length 31.0
[14935] episode/score 1.0 / episode/length 13.0
[14951] episode/score 1.0 / episode/length 16.0
[14966] episode/score 1.0 / episode/length 15.0
[14981] episode/score 1.0 / episode/length 15.0
[14997] episode/score 1.0 / episode/length 16.0
[15023] episode/score 0.9 / episode/length 26.0
[15039] episode/score 1.0 / episode/length 16.0
[15062] episode/score 0.9 / episode/length 23.0
[15066] train/ndnf_delta 0.1 / train/dyn_entropy 8.7 / train/rep_entropy 9.4 / train/ret 0.1 / train/ret_005 0.1 / train/ret_095 0.1 / train/adv 0.1 / train/adv_std 0.0 / train/con 0.8 / train/rew 0.0 / train/val 0.1 / train/tar 0.2 / train/slowval 0.1 / train/weight 0.3 / train/action_entropy 1.6 / train/action_mean 0.1 / train/action_std 0.3 / train/action_min 0.0 / train/action_max 1.0 / train/ret_replay_mean 0.7 / train/ret_replay_std 0.2 / train/ret_replay_min 0.2 / train/ret_replay_max 1.0 / train/value_replay_mean 0.1 / train/value_replay_std 0.0 / train/value_replay_min 0.1 / train/value_replay_max 0.1 / train/slow_value_replay_mean 0.1 / train/slow_value_replay_std 0.0 / train/slow_value_replay_min 0.1 / train/slow_value_replay_max 0.1 / train/loss/dyn 1.1 / train/loss/rep 1.1 / train/loss/ground 0.6 / train/loss/ndnf_aux 0.5 / train/loss/symbolic 1.9 / train/loss/rew 3.4 / train/loss/con 0.3 / train/loss/policy 0.0 / train/loss/value 1.2 / train/loss/repval 4.9 / train/opt/loss 10.1 / train/opt/lr 0.0 / train/opt/grad_scale 4096.0 / train/opt/updates 469.0 / fps/fps 47.3
[15073] episode/score 1.0 / episode/length 11.0
[15090] episode/score 1.0 / episode/length 17.0
[15104] episode/score 1.0 / episode/length 14.0
[15120] episode/score 1.0 / episode/length 16.0
[15133] episode/score 1.0 / episode/length 13.0
[15149] episode/score 1.0 / episode/length 16.0
[15166] episode/score 1.0 / episode/length 17.0
[15189] episode/score 0.9 / episode/length 23.0
[15208] episode/score 1.0 / episode/length 19.0
[15219] episode/score 1.0 / episode/length 11.0
[15241] episode/score 0.9 / episode/length 22.0
[15255] episode/score 1.0 / episode/length 14.0
[15271] episode/score 1.0 / episode/length 16.0
[15292] episode/score 0.9 / episode/length 21.0
[15307] episode/score 1.0 / episode/length 15.0
[15322] episode/score 1.0 / episode/length 15.0
[15339] episode/score 1.0 / episode/length 17.0
[15360] episode/score 0.9 / episode/length 21.0
[15373] episode/score 1.0 / episode/length 13.0
[15389] episode/score 1.0 / episode/length 16.0
[15404] episode/score 1.0 / episode/length 15.0
[15417] episode/score 1.0 / episode/length 13.0
[15427] episode/score 1.0 / episode/length 10.0
[15443] episode/score 1.0 / episode/length 16.0
[15453] episode/score 1.0 / episode/length 10.0
[15474] episode/score 0.9 / episode/length 21.0
[15498] episode/score 0.9 / episode/length 24.0
[15515] episode/score 1.0 / episode/length 17.0
[15533] episode/score 1.0 / episode/length 18.0
[15553] episode/score 0.9 / episode/length 20.0
[15574] episode/score 0.9 / episode/length 21.0
[15587] episode/score 1.0 / episode/length 13.0
[15605] episode/score 1.0 / episode/length 18.0
[15622] episode/score 1.0 / episode/length 17.0
[15641] episode/score 1.0 / episode/length 19.0
[15653] episode/score 1.0 / episode/length 12.0
[15672] episode/score 1.0 / episode/length 19.0
[15690] episode/score 1.0 / episode/length 18.0
[15709] episode/score 1.0 / episode/length 19.0
[15727] episode/score 1.0 / episode/length 18.0
[15739] episode/score 1.0 / episode/length 12.0
[15759] episode/score 0.9 / episode/length 20.0
[15774] episode/score 1.0 / episode/length 15.0
[15788] episode/score 1.0 / episode/length 14.0
[15805] episode/score 1.0 / episode/length 17.0
[15824] episode/score 1.0 / episode/length 19.0
[15836] episode/score 1.0 / episode/length 12.0
[15853] episode/score 1.0 / episode/length 17.0
[15866] episode/score 1.0 / episode/length 13.0
[15875] episode/score 1.0 / episode/length 9.0
[15888] episode/score 1.0 / episode/length 13.0
[15904] episode/score 1.0 / episode/length 16.0
[15916] episode/score 1.0 / episode/length 12.0
[15928] episode/score 1.0 / episode/length 12.0
[15943] episode/score 1.0 / episode/length 15.0
[15958] episode/score 1.0 / episode/length 15.0
[15979] episode/score 0.9 / episode/length 21.0
[16000] episode/score 0.9 / episode/length 21.0
[16012] episode/score 1.0 / episode/length 12.0
[16030] episode/score 1.0 / episode/length 18.0
[16044] episode/score 1.0 / episode/length 14.0
[16056] episode/score 1.0 / episode/length 12.0
[16068] episode/score 1.0 / episode/length 12.0
[16093] episode/score 0.9 / episode/length 25.0
[16110] episode/score 1.0 / episode/length 17.0
[16125] episode/score 1.0 / episode/length 15.0
[16133] episode/score 1.0 / episode/length 8.0
[16149] episode/score 1.0 / episode/length 16.0
[16162] episode/score 1.0 / episode/length 13.0
[16179] episode/score 1.0 / episode/length 17.0
[16196] episode/score 1.0 / episode/length 17.0
[16217] episode/score 0.9 / episode/length 21.0
[16237] episode/score 0.9 / episode/length 20.0
[16251] episode/score 1.0 / episode/length 14.0
[16262] episode/score 1.0 / episode/length 11.0
[16275] episode/score 1.0 / episode/length 13.0
[16284] episode/score 1.0 / episode/length 9.0
[16298] episode/score 1.0 / episode/length 14.0
[16307] episode/score 1.0 / episode/length 9.0
[16318] episode/score 1.0 / episode/length 11.0
[16334] episode/score 1.0 / episode/length 16.0
[16355] episode/score 0.9 / episode/length 21.0
[16373] episode/score 1.0 / episode/length 18.0
[16383] episode/score 1.0 / episode/length 10.0
[16406] episode/score 0.9 / episode/length 23.0
[16421] episode/score 1.0 / episode/length 15.0
[16435] episode/score 1.0 / episode/length 14.0
[16444] episode/score 1.0 / episode/length 9.0
[16467] episode/score 0.9 / episode/length 23.0
[16480] episode/score 1.0 / episode/length 13.0
[16501] episode/score 0.9 / episode/length 21.0
[16513] episode/score 1.0 / episode/length 12.0
[16528] episode/score 1.0 / episode/length 15.0
[16541] episode/score 1.0 / episode/length 13.0
[16554] episode/score 1.0 / episode/length 13.0
[16569] episode/score 1.0 / episode/length 15.0
[16588] episode/score 1.0 / episode/length 19.0
[16603] episode/score 1.0 / episode/length 15.0
[16621] episode/score 1.0 / episode/length 18.0
[16640] episode/score 1.0 / episode/length 19.0
[16657] episode/score 1.0 / episode/length 17.0
[16676] episode/score 1.0 / episode/length 19.0
[16691] episode/score 1.0 / episode/length 15.0
[16709] episode/score 1.0 / episode/length 18.0
[16729] episode/score 0.9 / episode/length 20.0
[16744] episode/score 1.0 / episode/length 15.0
[16755] episode/score 1.0 / episode/length 11.0
[16767] episode/score 1.0 / episode/length 12.0
[16783] episode/score 1.0 / episode/length 16.0
[16795] episode/score 1.0 / episode/length 12.0
[16814] episode/score 1.0 / episode/length 19.0
[16824] episode/score 1.0 / episode/length 10.0
[16834] episode/score 1.0 / episode/length 10.0
[16850] episode/score 1.0 / episode/length 16.0
[16867] episode/score 1.0 / episode/length 17.0
[16887] episode/score 0.9 / episode/length 20.0
[16907] episode/score 0.9 / episode/length 20.0
[16920] episode/score 1.0 / episode/length 13.0
[16937] episode/score 1.0 / episode/length 17.0
[16953] episode/score 1.0 / episode/length 16.0
[16969] episode/score 1.0 / episode/length 16.0
[16988] episode/score 1.0 / episode/length 19.0
[16997] episode/score 1.0 / episode/length 9.0
[17011] episode/score 1.0 / episode/length 14.0
[17035] episode/score 0.9 / episode/length 24.0
[17049] episode/score 1.0 / episode/length 14.0
[17061] episode/score 1.0 / episode/length 12.0
[17079] episode/score 1.0 / episode/length 18.0
[17100] episode/score 0.9 / episode/length 21.0
[17114] episode/score 1.0 / episode/length 14.0
[17133] episode/score 1.0 / episode/length 19.0
[17147] episode/score 1.0 / episode/length 14.0
[17161] episode/score 1.0 / episode/length 14.0
[17176] episode/score 1.0 / episode/length 15.0
[17187] episode/score 1.0 / episode/length 11.0
[17205] episode/score 1.0 / episode/length 18.0
[17222] episode/score 1.0 / episode/length 17.0
[17239] episode/score 1.0 / episode/length 17.0
[17249] episode/score 1.0 / episode/length 10.0
[17262] episode/score 1.0 / episode/length 13.0
[17281] episode/score 1.0 / episode/length 19.0
[17298] episode/score 1.0 / episode/length 17.0
[17319] episode/score 0.9 / episode/length 21.0
[17339] episode/score 0.9 / episode/length 20.0
[17354] episode/score 1.0 / episode/length 15.0
[17374] episode/score 0.9 / episode/length 20.0
[17392] episode/score 1.0 / episode/length 18.0
[17404] episode/score 1.0 / episode/length 12.0
[17418] episode/score 1.0 / episode/length 14.0
[17434] episode/score 1.0 / episode/length 16.0
[17453] episode/score 1.0 / episode/length 19.0
[17471] episode/score 1.0 / episode/length 18.0
[17487] episode/score 1.0 / episode/length 16.0
[17500] episode/score 1.0 / episode/length 13.0
[17514] episode/score 1.0 / episode/length 14.0
[17527] episode/score 1.0 / episode/length 13.0
[17540] episode/score 1.0 / episode/length 13.0
[17555] episode/score 1.0 / episode/length 15.0
[17568] episode/score 1.0 / episode/length 13.0
[17585] episode/score 1.0 / episode/length 17.0
[17607] episode/score 0.9 / episode/length 22.0
[17620] episode/score 1.0 / episode/length 13.0
[17632] episode/score 1.0 / episode/length 12.0
[17648] episode/score 1.0 / episode/length 16.0
[17663] episode/score 1.0 / episode/length 15.0
[17682] episode/score 1.0 / episode/length 19.0
[17692] episode/score 1.0 / episode/length 10.0
[17710] episode/score 1.0 / episode/length 18.0
[17718] episode/score 1.0 / episode/length 8.0
[17737] episode/score 1.0 / episode/length 19.0
[17749] episode/score 1.0 / episode/length 12.0
[17763] episode/score 1.0 / episode/length 14.0
[17785] episode/score 0.9 / episode/length 22.0
[17802] episode/score 1.0 / episode/length 17.0
[17823] episode/score 0.9 / episode/length 21.0
[17833] episode/score 1.0 / episode/length 10.0
[17850] episode/score 1.0 / episode/length 17.0
[17870] episode/score 0.9 / episode/length 20.0
[17894] episode/score 0.9 / episode/length 24.0
[17912] episode/score 1.0 / episode/length 18.0
[17923] episode/score 1.0 / episode/length 11.0
[17934] episode/score 1.0 / episode/length 11.0
[17952] episode/score 1.0 / episode/length 18.0
[17966] episode/score 1.0 / episode/length 14.0
[17984] episode/score 1.0 / episode/length 18.0
[18000] episode/score 1.0 / episode/length 16.0
[18016] episode/score 1.0 / episode/length 16.0
[18027] episode/score 1.0 / episode/length 11.0
[18041] episode/score 1.0 / episode/length 14.0
[18062] episode/score 0.9 / episode/length 21.0
[18079] episode/score 1.0 / episode/length 17.0
[18104] episode/score 0.9 / episode/length 25.0
[18123] episode/score 1.0 / episode/length 19.0
[18140] episode/score 1.0 / episode/length 17.0
[18155] episode/score 1.0 / episode/length 15.0
[18175] episode/score 0.9 / episode/length 20.0
[18189] episode/score 1.0 / episode/length 14.0
[18204] episode/score 1.0 / episode/length 15.0
[18220] episode/score 1.0 / episode/length 16.0
[18231] episode/score 1.0 / episode/length 11.0
[18244] episode/score 1.0 / episode/length 13.0
[18260] episode/score 1.0 / episode/length 16.0
[18277] episode/score 1.0 / episode/length 17.0
[18305] episode/score 0.9 / episode/length 28.0
[18322] episode/score 1.0 / episode/length 17.0
[18342] episode/score 0.9 / episode/length 20.0
[18358] episode/score 1.0 / episode/length 16.0
[18375] episode/score 1.0 / episode/length 17.0
[18393] episode/score 1.0 / episode/length 18.0
[18412] episode/score 1.0 / episode/length 19.0
[18424] episode/score 1.0 / episode/length 12.0
[18435] episode/score 1.0 / episode/length 11.0
[18445] episode/score 1.0 / episode/length 10.0
[18466] episode/score 0.9 / episode/length 21.0
[18477] episode/score 1.0 / episode/length 11.0
[18489] episode/score 1.0 / episode/length 12.0
[18519] episode/score 0.9 / episode/length 30.0
[18530] episode/score 1.0 / episode/length 11.0
[18547] episode/score 1.0 / episode/length 17.0
[18567] episode/score 0.9 / episode/length 20.0
[18578] episode/score 1.0 / episode/length 11.0
[18591] episode/score 1.0 / episode/length 13.0
[18611] episode/score 0.9 / episode/length 20.0
[18628] episode/score 1.0 / episode/length 17.0
[18646] episode/score 1.0 / episode/length 18.0
[18661] episode/score 1.0 / episode/length 15.0
[18683] episode/score 0.9 / episode/length 22.0
[18699] episode/score 1.0 / episode/length 16.0
[18717] episode/score 1.0 / episode/length 18.0
[18732] episode/score 1.0 / episode/length 15.0
[18749] episode/score 1.0 / episode/length 17.0
[18768] episode/score 1.0 / episode/length 19.0
[18778] episode/score 1.0 / episode/length 10.0
[18797] episode/score 1.0 / episode/length 19.0
[18811] episode/score 1.0 / episode/length 14.0
[18821] episode/score 1.0 / episode/length 10.0
[18835] episode/score 1.0 / episode/length 14.0
[18857] episode/score 0.9 / episode/length 22.0
[18877] episode/score 0.9 / episode/length 20.0
[18889] episode/score 1.0 / episode/length 12.0
[18916] episode/score 0.9 / episode/length 27.0
[18933] episode/score 1.0 / episode/length 17.0
[18951] episode/score 1.0 / episode/length 18.0
[18962] episode/score 1.0 / episode/length 11.0
[18974] episode/score 1.0 / episode/length 12.0
[18990] episode/score 1.0 / episode/length 16.0
[19002] episode/score 1.0 / episode/length 12.0
[19019] episode/score 1.0 / episode/length 17.0
[19036] episode/score 1.0 / episode/length 17.0
[19054] episode/score 1.0 / episode/length 18.0
[19068] episode/score 1.0 / episode/length 14.0
[19083] episode/score 1.0 / episode/length 15.0
[19099] episode/score 1.0 / episode/length 16.0
[19109] episode/score 1.0 / episode/length 10.0
[19131] episode/score 0.9 / episode/length 22.0
[19150] episode/score 1.0 / episode/length 19.0
[19169] episode/score 1.0 / episode/length 19.0
[19181] episode/score 1.0 / episode/length 12.0
[19199] episode/score 1.0 / episode/length 18.0
[19216] episode/score 1.0 / episode/length 17.0
[19229] episode/score 1.0 / episode/length 13.0
[19245] episode/score 1.0 / episode/length 16.0
[19256] episode/score 1.0 / episode/length 11.0
[19269] episode/score 1.0 / episode/length 13.0
[19291] episode/score 0.9 / episode/length 22.0
[19307] episode/score 1.0 / episode/length 16.0
[19323] episode/score 1.0 / episode/length 16.0
[19339] episode/score 1.0 / episode/length 16.0
[19352] episode/score 1.0 / episode/length 13.0
[19372] episode/score 0.9 / episode/length 20.0
[19387] episode/score 1.0 / episode/length 15.0
[19401] episode/score 1.0 / episode/length 14.0
[19418] episode/score 1.0 / episode/length 17.0
[19436] episode/score 1.0 / episode/length 18.0
[19451] episode/score 1.0 / episode/length 15.0
[19469] episode/score 1.0 / episode/length 18.0
[19486] episode/score 1.0 / episode/length 17.0
[19496] episode/score 1.0 / episode/length 10.0
[19507] episode/score 1.0 / episode/length 11.0
[19523] episode/score 1.0 / episode/length 16.0
[19541] episode/score 1.0 / episode/length 18.0
[19561] episode/score 0.9 / episode/length 20.0
[19573] episode/score 1.0 / episode/length 12.0
[19582] episode/score 1.0 / episode/length 9.0
[19605] episode/score 0.9 / episode/length 23.0
[19615] episode/score 1.0 / episode/length 10.0
[19638] episode/score 0.9 / episode/length 23.0
[19651] episode/score 1.0 / episode/length 13.0
[19666] episode/score 1.0 / episode/length 15.0
[19681] episode/score 1.0 / episode/length 15.0
[19695] episode/score 1.0 / episode/length 14.0
[19713] episode/score 1.0 / episode/length 18.0
[19729] episode/score 1.0 / episode/length 16.0
[19741] episode/score 1.0 / episode/length 12.0
[19762] episode/score 0.9 / episode/length 21.0
[19776] episode/score 1.0 / episode/length 14.0
[19797] episode/score 0.9 / episode/length 21.0
[19812] episode/score 1.0 / episode/length 15.0
[19827] episode/score 1.0 / episode/length 15.0
[19844] episode/score 1.0 / episode/length 17.0
[19861] episode/score 1.0 / episode/length 17.0
[19875] episode/score 1.0 / episode/length 14.0
[19893] episode/score 1.0 / episode/length 18.0
[19906] episode/score 1.0 / episode/length 13.0
[19924] episode/score 1.0 / episode/length 18.0
[19937] episode/score 1.0 / episode/length 13.0
[19955] episode/score 1.0 / episode/length 18.0
[19971] episode/score 1.0 / episode/length 16.0
[19990] episode/score 1.0 / episode/length 19.0
Evaluating the policy...
[20000] episode/eval_score 0.0 / episode/eval_length 360.0
[20066] train/ndnf_delta 0.1 / train/dyn_entropy 8.5 / train/rep_entropy 9.2 / train/ret 0.2 / train/ret_005 0.2 / train/ret_095 0.4 / train/adv 0.1 / train/adv_std 0.1 / train/con 0.9 / train/rew 0.1 / train/val 0.3 / train/tar 0.5 / train/slowval 0.3 / train/weight 0.5 / train/action_entropy 1.4 / train/action_mean 0.1 / train/action_std 0.3 / train/action_min 0.0 / train/action_max 1.0 / train/ret_replay_mean 0.8 / train/ret_replay_std 0.1 / train/ret_replay_min 0.5 / train/ret_replay_max 1.0 / train/value_replay_mean 0.3 / train/value_replay_std 0.0 / train/value_replay_min 0.3 / train/value_replay_max 0.3 / train/slow_value_replay_mean 0.3 / train/slow_value_replay_std 0.0 / train/slow_value_replay_min 0.3 / train/slow_value_replay_max 0.3 / train/loss/dyn 1.0 / train/loss/rep 1.0 / train/loss/ground 0.6 / train/loss/ndnf_aux 0.5 / train/loss/symbolic 1.4 / train/loss/rew 1.5 / train/loss/con 0.2 / train/loss/policy 0.1 / train/loss/value 1.4 / train/loss/repval 3.3 / train/opt/loss 7.4 / train/opt/lr 0.0 / train/opt/grad_scale 4096.0 / train/opt/updates 625.0 / fps/fps 47.0
[20350] episode/score 0.0 / episode/length 360.0
[20710] episode/score 0.0 / episode/length 360.0
[21070] episode/score 0.0 / episode/length 360.0
[21430] episode/score 0.0 / episode/length 360.0
[21790] episode/score 0.0 / episode/length 360.0
[22150] episode/score 0.0 / episode/length 360.0
[22510] episode/score 0.0 / episode/length 360.0
[22870] episode/score 0.0 / episode/length 360.0
[23230] episode/score 0.0 / episode/length 360.0
[23590] episode/score 0.0 / episode/length 360.0
[23950] episode/score 0.0 / episode/length 360.0
[24310] episode/score 0.0 / episode/length 360.0
[24670] episode/score 0.0 / episode/length 360.0
[25030] episode/score 0.0 / episode/length 360.0
[25066] train/ndnf_delta 0.1 / train/dyn_entropy 8.4 / train/rep_entropy 9.2 / train/ret 0.2 / train/ret_005 0.4 / train/ret_095 0.5 / train/adv 0.1 / train/adv_std 0.0 / train/con 0.9 / train/rew 0.0 / train/val 0.5 / train/tar 0.6 / train/slowval 0.4 / train/weight 0.6 / train/action_entropy 1.4 / train/action_mean 0.1 / train/action_std 0.3 / train/action_min 0.0 / train/action_max 1.0 / train/ret_replay_mean 0.8 / train/ret_replay_std 0.1 / train/ret_replay_min 0.5 / train/ret_replay_max 1.0 / train/value_replay_mean 0.5 / train/value_replay_std 0.0 / train/value_replay_min 0.5 / train/value_replay_max 0.5 / train/slow_value_replay_mean 0.4 / train/slow_value_replay_std 0.0 / train/slow_value_replay_min 0.4 / train/slow_value_replay_max 0.4 / train/loss/dyn 1.0 / train/loss/rep 1.0 / train/loss/ground 0.6 / train/loss/ndnf_aux 0.5 / train/loss/symbolic 1.3 / train/loss/rew 0.4 / train/loss/con 0.2 / train/loss/policy 0.1 / train/loss/value 1.1 / train/loss/repval 2.7 / train/opt/loss 5.6 / train/opt/lr 0.0 / train/opt/grad_scale 4096.0 / train/opt/updates 782.0 / fps/fps 50.6
[25390] episode/score 0.0 / episode/length 360.0
[25750] episode/score 0.0 / episode/length 360.0
[26110] episode/score 0.0 / episode/length 360.0
[26470] episode/score 0.0 / episode/length 360.0
[26830] episode/score 0.0 / episode/length 360.0
[27190] episode/score 0.0 / episode/length 360.0
[27550] episode/score 0.0 / episode/length 360.0
[27910] episode/score 0.0 / episode/length 360.0
[28270] episode/score 0.0 / episode/length 360.0
[28630] episode/score 0.0 / episode/length 360.0
[28990] episode/score 0.0 / episode/length 360.0
[29350] episode/score 0.0 / episode/length 360.0
[29710] episode/score 0.0 / episode/length 360.0
Evaluating the policy...
[30000] episode/eval_score 0.0 / episode/eval_length 360.0
[30066] train/ndnf_delta 0.1 / train/dyn_entropy 8.9 / train/rep_entropy 9.1 / train/ret 0.1 / train/ret_005 0.5 / train/ret_095 0.6 / train/adv 0.0 / train/adv_std 0.0 / train/con 1.0 / train/rew 0.0 / train/val 0.6 / train/tar 0.7 / train/slowval 0.6 / train/weight 0.7 / train/action_entropy 1.3 / train/action_mean 0.1 / train/action_std 0.3 / train/action_min 0.0 / train/action_max 1.0 / train/ret_replay_mean 0.8 / train/ret_replay_std 0.1 / train/ret_replay_min 0.6 / train/ret_replay_max 1.0 / train/value_replay_mean 0.6 / train/value_replay_std 0.0 / train/value_replay_min 0.6 / train/value_replay_max 0.6 / train/slow_value_replay_mean 0.6 / train/slow_value_replay_std 0.0 / train/slow_value_replay_min 0.6 / train/slow_value_replay_max 0.6 / train/loss/dyn 1.2 / train/loss/rep 1.2 / train/loss/ground 0.3 / train/loss/ndnf_aux 0.5 / train/loss/symbolic 1.2 / train/loss/rew 0.2 / train/loss/con 0.1 / train/loss/policy 0.0 / train/loss/value 0.7 / train/loss/repval 1.6 / train/opt/loss 4.4 / train/opt/lr 0.0 / train/opt/grad_scale 4096.0 / train/opt/updates 938.0 / fps/fps 48.9
[30070] episode/score 0.0 / episode/length 360.0
[30430] episode/score 0.0 / episode/length 360.0
[30790] episode/score 0.0 / episode/length 360.0
[31150] episode/score 0.0 / episode/length 360.0
[31510] episode/score 0.0 / episode/length 360.0
[31870] episode/score 0.0 / episode/length 360.0
[32230] episode/score 0.0 / episode/length 360.0
[32590] episode/score 0.0 / episode/length 360.0
[32950] episode/score 0.0 / episode/length 360.0
[33310] episode/score 0.0 / episode/length 360.0
[33670] episode/score 0.0 / episode/length 360.0
[34030] episode/score 0.0 / episode/length 360.0
[34390] episode/score 0.0 / episode/length 360.0
[34750] episode/score 0.0 / episode/length 360.0
[35066] train/ndnf_delta 0.1 / train/dyn_entropy 9.2 / train/rep_entropy 8.5 / train/ret 0.1 / train/ret_005 0.6 / train/ret_095 0.7 / train/adv 0.0 / train/adv_std 0.0 / train/con 1.0 / train/rew 0.0 / train/val 0.7 / train/tar 0.7 / train/slowval 0.7 / train/weight 0.7 / train/action_entropy 1.6 / train/action_mean 0.1 / train/action_std 0.3 / train/action_min 0.0 / train/action_max 1.0 / train/ret_replay_mean 0.8 / train/ret_replay_std 0.1 / train/ret_replay_min 0.7 / train/ret_replay_max 1.0 / train/value_replay_mean 0.7 / train/value_replay_std 0.0 / train/value_replay_min 0.7 / train/value_replay_max 0.7 / train/slow_value_replay_mean 0.7 / train/slow_value_replay_std 0.0 / train/slow_value_replay_min 0.7 / train/slow_value_replay_max 0.7 / train/loss/dyn 1.2 / train/loss/rep 1.2 / train/loss/ground 0.2 / train/loss/ndnf_aux 0.5 / train/loss/symbolic 1.2 / train/loss/rew 0.2 / train/loss/con 0.1 / train/loss/policy 0.0 / train/loss/value 1.0 / train/loss/repval 1.5 / train/opt/loss 4.4 / train/opt/lr 0.0 / train/opt/grad_scale 4096.0 / train/opt/updates 1094.0 / fps/fps 44.1
[35110] episode/score 0.0 / episode/length 360.0
[35470] episode/score 0.0 / episode/length 360.0
[35830] episode/score 0.0 / episode/length 360.0
[36037] episode/score 0.5 / episode/length 207.0
[36397] episode/score 0.0 / episode/length 360.0
[36757] episode/score 0.0 / episode/length 360.0
[37117] episode/score 0.0 / episode/length 360.0
[37477] episode/score 0.0 / episode/length 360.0
[37837] episode/score 0.0 / episode/length 360.0
[38197] episode/score 0.0 / episode/length 360.0
[38557] episode/score 0.0 / episode/length 360.0
[38917] episode/score 0.0 / episode/length 360.0
[39277] episode/score 0.0 / episode/length 360.0
[39637] episode/score 0.0 / episode/length 360.0
[39997] episode/score 0.0 / episode/length 360.0
Evaluating the policy...
[40000] episode/eval_score 0.0 / episode/eval_length 360.0
[40066] train/ndnf_delta 0.1 / train/dyn_entropy 9.2 / train/rep_entropy 8.0 / train/ret 0.1 / train/ret_005 0.7 / train/ret_095 0.8 / train/adv 0.0 / train/adv_std 0.0 / train/con 1.0 / train/rew 0.0 / train/val 0.8 / train/tar 0.8 / train/slowval 0.7 / train/weight 0.7 / train/action_entropy 0.5 / train/action_mean 0.1 / train/action_std 0.3 / train/action_min 0.0 / train/action_max 1.0 / train/ret_replay_mean 0.8 / train/ret_replay_std 0.1 / train/ret_replay_min 0.7 / train/ret_replay_max 1.0 / train/value_replay_mean 0.8 / train/value_replay_std 0.0 / train/value_replay_min 0.7 / train/value_replay_max 0.8 / train/slow_value_replay_mean 0.7 / train/slow_value_replay_std 0.0 / train/slow_value_replay_min 0.7 / train/slow_value_replay_max 0.7 / train/loss/dyn 1.2 / train/loss/rep 1.2 / train/loss/ground 0.2 / train/loss/ndnf_aux 0.5 / train/loss/symbolic 1.1 / train/loss/rew 0.1 / train/loss/con 0.1 / train/loss/policy 0.0 / train/loss/value 1.0 / train/loss/repval 1.5 / train/opt/loss 4.3 / train/opt/lr 0.0 / train/opt/grad_scale 4096.0 / train/opt/updates 1250.0 / fps/fps 50.0
[40357] episode/score 0.0 / episode/length 360.0
[40717] episode/score 0.0 / episode/length 360.0
[41077] episode/score 0.0 / episode/length 360.0
[41437] episode/score 0.0 / episode/length 360.0
[41797] episode/score 0.0 / episode/length 360.0
[42157] episode/score 0.0 / episode/length 360.0
[42517] episode/score 0.0 / episode/length 360.0
[42877] episode/score 0.0 / episode/length 360.0
[43237] episode/score 0.0 / episode/length 360.0
[43597] episode/score 0.0 / episode/length 360.0
[43957] episode/score 0.0 / episode/length 360.0
[44317] episode/score 0.0 / episode/length 360.0
[44677] episode/score 0.0 / episode/length 360.0
[45037] episode/score 0.0 / episode/length 360.0
[45066] train/ndnf_delta 0.1 / train/dyn_entropy 9.0 / train/rep_entropy 7.4 / train/ret 0.0 / train/ret_005 0.7 / train/ret_095 0.8 / train/adv -0.0 / train/adv_std 0.0 / train/con 1.0 / train/rew 0.0 / train/val 0.8 / train/tar 0.8 / train/slowval 0.8 / train/weight 0.7 / train/action_entropy 0.2 / train/action_mean 0.1 / train/action_std 0.3 / train/action_min 0.0 / train/action_max 1.0 / train/ret_replay_mean 0.8 / train/ret_replay_std 0.1 / train/ret_replay_min 0.7 / train/ret_replay_max 1.0 / train/value_replay_mean 0.8 / train/value_replay_std 0.0 / train/value_replay_min 0.7 / train/value_replay_max 0.8 / train/slow_value_replay_mean 0.8 / train/slow_value_replay_std 0.0 / train/slow_value_replay_min 0.7 / train/slow_value_replay_max 0.8 / train/loss/dyn 1.2 / train/loss/rep 1.2 / train/loss/ground 0.1 / train/loss/ndnf_aux 0.5 / train/loss/symbolic 0.9 / train/loss/rew 0.1 / train/loss/con 0.1 / train/loss/policy -0.0 / train/loss/value 1.0 / train/loss/repval 1.4 / train/opt/loss 3.9 / train/opt/lr 0.0 / train/opt/grad_scale 4096.0 / train/opt/updates 1407.0 / fps/fps 51.1
[45397] episode/score 0.0 / episode/length 360.0
[45757] episode/score 0.0 / episode/length 360.0
[46117] episode/score 0.0 / episode/length 360.0
[46477] episode/score 0.0 / episode/length 360.0
[46837] episode/score 0.0 / episode/length 360.0
[47197] episode/score 0.0 / episode/length 360.0
[47557] episode/score 0.0 / episode/length 360.0
[47917] episode/score 0.0 / episode/length 360.0
[48277] episode/score 0.0 / episode/length 360.0
[48637] episode/score 0.0 / episode/length 360.0
[48997] episode/score 0.0 / episode/length 360.0
[49357] episode/score 0.0 / episode/length 360.0
[49717] episode/score 0.0 / episode/length 360.0
Evaluating the policy...
[50000] episode/eval_score 0.0 / episode/eval_length 360.0
[50066] train/ndnf_delta 0.1 / train/dyn_entropy 8.4 / train/rep_entropy 6.7 / train/ret 0.0 / train/ret_005 0.7 / train/ret_095 0.8 / train/adv -0.0 / train/adv_std 0.0 / train/con 1.0 / train/rew 0.0 / train/val 0.7 / train/tar 0.7 / train/slowval 0.7 / train/weight 0.8 / train/action_entropy 0.3 / train/action_mean 0.1 / train/action_std 0.3 / train/action_min 0.0 / train/action_max 1.0 / train/ret_replay_mean 0.7 / train/ret_replay_std 0.1 / train/ret_replay_min 0.7 / train/ret_replay_max 1.0 / train/value_replay_mean 0.7 / train/value_replay_std 0.0 / train/value_replay_min 0.7 / train/value_replay_max 0.8 / train/slow_value_replay_mean 0.7 / train/slow_value_replay_std 0.0 / train/slow_value_replay_min 0.7 / train/slow_value_replay_max 0.8 / train/loss/dyn 1.1 / train/loss/rep 1.1 / train/loss/ground 0.1 / train/loss/ndnf_aux 0.5 / train/loss/symbolic 0.9 / train/loss/rew 0.0 / train/loss/con 0.0 / train/loss/policy -0.0 / train/loss/value 1.1 / train/loss/repval 1.3 / train/opt/loss 3.8 / train/opt/lr 0.0 / train/opt/grad_scale 4096.0 / train/opt/updates 1563.0 / fps/fps 50.0
[50077] episode/score 0.0 / episode/length 360.0
[50437] episode/score 0.0 / episode/length 360.0
[50797] episode/score 0.0 / episode/length 360.0
[51157] episode/score 0.0 / episode/length 360.0
[51517] episode/score 0.0 / episode/length 360.0
[51877] episode/score 0.0 / episode/length 360.0
[52237] episode/score 0.0 / episode/length 360.0
[52597] episode/score 0.0 / episode/length 360.0
[52957] episode/score 0.0 / episode/length 360.0
[53317] episode/score 0.0 / episode/length 360.0
[53677] episode/score 0.0 / episode/length 360.0
[54037] episode/score 0.0 / episode/length 360.0
[54397] episode/score 0.0 / episode/length 360.0
[54757] episode/score 0.0 / episode/length 360.0
[55066] train/ndnf_delta 0.1 / train/dyn_entropy 8.4 / train/rep_entropy 6.4 / train/ret 0.0 / train/ret_005 0.7 / train/ret_095 0.8 / train/adv -0.0 / train/adv_std 0.0 / train/con 1.0 / train/rew 0.0 / train/val 0.7 / train/tar 0.7 / train/slowval 0.7 / train/weight 0.8 / train/action_entropy 0.4 / train/action_mean 0.1 / train/action_std 0.3 / train/action_min 0.0 / train/action_max 1.0 / train/ret_replay_mean 0.7 / train/ret_replay_std 0.1 / train/ret_replay_min 0.7 / train/ret_replay_max 1.0 / train/value_replay_mean 0.7 / train/value_replay_std 0.0 / train/value_replay_min 0.7 / train/value_replay_max 0.8 / train/slow_value_replay_mean 0.7 / train/slow_value_replay_std 0.0 / train/slow_value_replay_min 0.7 / train/slow_value_replay_max 0.8 / train/loss/dyn 1.2 / train/loss/rep 1.2 / train/loss/ground 0.1 / train/loss/ndnf_aux 0.5 / train/loss/symbolic 0.9 / train/loss/rew 0.1 / train/loss/con 0.1 / train/loss/policy -0.0 / train/loss/value 1.1 / train/loss/repval 1.3 / train/opt/loss 4.0 / train/opt/lr 0.0 / train/opt/grad_scale 4096.0 / train/opt/updates 1719.0 / fps/fps 51.2
[55117] episode/score 0.0 / episode/length 360.0
[55477] episode/score 0.0 / episode/length 360.0
[55837] episode/score 0.0 / episode/length 360.0
[56197] episode/score 0.0 / episode/length 360.0
[56557] episode/score 0.0 / episode/length 360.0
[56917] episode/score 0.0 / episode/length 360.0
[57277] episode/score 0.0 / episode/length 360.0
[57637] episode/score 0.0 / episode/length 360.0
[57997] episode/score 0.0 / episode/length 360.0
[58357] episode/score 0.0 / episode/length 360.0
[58717] episode/score 0.0 / episode/length 360.0
[59077] episode/score 0.0 / episode/length 360.0
[59437] episode/score 0.0 / episode/length 360.0
[59797] episode/score 0.0 / episode/length 360.0
Evaluating the policy...
[60000] episode/eval_score 0.0 / episode/eval_length 360.0
[60066] train/ndnf_delta 0.1 / train/dyn_entropy 8.3 / train/rep_entropy 6.6 / train/ret 0.1 / train/ret_005 0.7 / train/ret_095 0.8 / train/adv -0.0 / train/adv_std 0.0 / train/con 1.0 / train/rew 0.0 / train/val 0.7 / train/tar 0.7 / train/slowval 0.7 / train/weight 0.8 / train/action_entropy 0.2 / train/action_mean 0.1 / train/action_std 0.3 / train/action_min 0.0 / train/action_max 1.0 / train/ret_replay_mean 0.8 / train/ret_replay_std 0.1 / train/ret_replay_min 0.7 / train/ret_replay_max 1.0 / train/value_replay_mean 0.7 / train/value_replay_std 0.0 / train/value_replay_min 0.7 / train/value_replay_max 0.8 / train/slow_value_replay_mean 0.7 / train/slow_value_replay_std 0.0 / train/slow_value_replay_min 0.7 / train/slow_value_replay_max 0.8 / train/loss/dyn 1.3 / train/loss/rep 1.3 / train/loss/ground 0.1 / train/loss/ndnf_aux 0.5 / train/loss/symbolic 1.0 / train/loss/rew 0.1 / train/loss/con 0.1 / train/loss/policy -0.0 / train/loss/value 1.1 / train/loss/repval 1.4 / train/opt/loss 4.2 / train/opt/lr 0.0 / train/opt/grad_scale 4096.0 / train/opt/updates 1875.0 / fps/fps 50.2
[60157] episode/score 0.0 / episode/length 360.0
[60517] episode/score 0.0 / episode/length 360.0
[60877] episode/score 0.0 / episode/length 360.0
[61237] episode/score 0.0 / episode/length 360.0
[61597] episode/score 0.0 / episode/length 360.0
[61957] episode/score 0.0 / episode/length 360.0
[62317] episode/score 0.0 / episode/length 360.0
[62677] episode/score 0.0 / episode/length 360.0
[63037] episode/score 0.0 / episode/length 360.0
[63397] episode/score 0.0 / episode/length 360.0
[63757] episode/score 0.0 / episode/length 360.0
[64117] episode/score 0.0 / episode/length 360.0
[64477] episode/score 0.0 / episode/length 360.0
[64837] episode/score 0.0 / episode/length 360.0
[65066] train/ndnf_delta 0.1 / train/dyn_entropy 8.2 / train/rep_entropy 6.5 / train/ret 0.0 / train/ret_005 0.7 / train/ret_095 0.8 / train/adv -0.0 / train/adv_std 0.0 / train/con 1.0 / train/rew 0.0 / train/val 0.7 / train/tar 0.7 / train/slowval 0.7 / train/weight 0.8 / train/action_entropy 0.2 / train/action_mean 0.1 / train/action_std 0.3 / train/action_min 0.0 / train/action_max 1.0 / train/ret_replay_mean 0.8 / train/ret_replay_std 0.1 / train/ret_replay_min 0.7 / train/ret_replay_max 1.0 / train/value_replay_mean 0.7 / train/value_replay_std 0.0 / train/value_replay_min 0.7 / train/value_replay_max 0.9 / train/slow_value_replay_mean 0.7 / train/slow_value_replay_std 0.0 / train/slow_value_replay_min 0.7 / train/slow_value_replay_max 0.9 / train/loss/dyn 1.2 / train/loss/rep 1.2 / train/loss/ground 0.1 / train/loss/ndnf_aux 0.5 / train/loss/symbolic 1.0 / train/loss/rew 0.1 / train/loss/con 0.1 / train/loss/policy -0.0 / train/loss/value 1.1 / train/loss/repval 1.3 / train/opt/loss 4.1 / train/opt/lr 0.0 / train/opt/grad_scale 8192.0 / train/opt/updates 2032.0 / fps/fps 50.9
[65197] episode/score 0.0 / episode/length 360.0
[65557] episode/score 0.0 / episode/length 360.0
[65917] episode/score 0.0 / episode/length 360.0
[66277] episode/score 0.0 / episode/length 360.0
[66637] episode/score 0.0 / episode/length 360.0
[66997] episode/score 0.0 / episode/length 360.0
[67357] episode/score 0.0 / episode/length 360.0
[67717] episode/score 0.0 / episode/length 360.0
[68077] episode/score 0.0 / episode/length 360.0
[68437] episode/score 0.0 / episode/length 360.0
[68797] episode/score 0.0 / episode/length 360.0
[69157] episode/score 0.0 / episode/length 360.0
[69517] episode/score 0.0 / episode/length 360.0
[69877] episode/score 0.0 / episode/length 360.0
Evaluating the policy...
[70000] episode/eval_score 0.0 / episode/eval_length 360.0
[70066] train/ndnf_delta 0.1 / train/dyn_entropy 7.9 / train/rep_entropy 6.2 / train/ret 0.0 / train/ret_005 0.7 / train/ret_095 0.8 / train/adv -0.0 / train/adv_std 0.0 / train/con 1.0 / train/rew 0.0 / train/val 0.7 / train/tar 0.7 / train/slowval 0.7 / train/weight 0.8 / train/action_entropy 0.4 / train/action_mean 0.1 / train/action_std 0.3 / train/action_min 0.0 / train/action_max 1.0 / train/ret_replay_mean 0.7 / train/ret_replay_std 0.1 / train/ret_replay_min 0.7 / train/ret_replay_max 1.0 / train/value_replay_mean 0.7 / train/value_replay_std 0.0 / train/value_replay_min 0.7 / train/value_replay_max 0.9 / train/slow_value_replay_mean 0.7 / train/slow_value_replay_std 0.0 / train/slow_value_replay_min 0.7 / train/slow_value_replay_max 0.9 / train/loss/dyn 1.2 / train/loss/rep 1.2 / train/loss/ground 0.1 / train/loss/ndnf_aux 0.5 / train/loss/symbolic 0.8 / train/loss/rew 0.1 / train/loss/con 0.1 / train/loss/policy -0.0 / train/loss/value 1.1 / train/loss/repval 1.3 / train/opt/loss 3.8 / train/opt/lr 0.0 / train/opt/grad_scale 8192.0 / train/opt/updates 2188.0 / fps/fps 49.9
[70237] episode/score 0.0 / episode/length 360.0
[70597] episode/score 0.0 / episode/length 360.0
[70957] episode/score 0.0 / episode/length 360.0
[71317] episode/score 0.0 / episode/length 360.0
[71677] episode/score 0.0 / episode/length 360.0
[72037] episode/score 0.0 / episode/length 360.0
[72397] episode/score 0.0 / episode/length 360.0
[72757] episode/score 0.0 / episode/length 360.0
[73117] episode/score 0.0 / episode/length 360.0
[73477] episode/score 0.0 / episode/length 360.0
[73837] episode/score 0.0 / episode/length 360.0
[74197] episode/score 0.0 / episode/length 360.0
[74557] episode/score 0.0 / episode/length 360.0
[74917] episode/score 0.0 / episode/length 360.0
[75066] train/ndnf_delta 0.1 / train/dyn_entropy 7.7 / train/rep_entropy 5.8 / train/ret 0.0 / train/ret_005 0.7 / train/ret_095 0.8 / train/adv -0.0 / train/adv_std 0.0 / train/con 1.0 / train/rew 0.0 / train/val 0.7 / train/tar 0.7 / train/slowval 0.7 / train/weight 0.8 / train/action_entropy 0.3 / train/action_mean 0.1 / train/action_std 0.3 / train/action_min 0.0 / train/action_max 1.0 / train/ret_replay_mean 0.8 / train/ret_replay_std 0.1 / train/ret_replay_min 0.6 / train/ret_replay_max 1.0 / train/value_replay_mean 0.7 / train/value_replay_std 0.0 / train/value_replay_min 0.7 / train/value_replay_max 0.9 / train/slow_value_replay_mean 0.7 / train/slow_value_replay_std 0.0 / train/slow_value_replay_min 0.7 / train/slow_value_replay_max 0.9 / train/loss/dyn 1.3 / train/loss/rep 1.3 / train/loss/ground 0.1 / train/loss/ndnf_aux 0.5 / train/loss/symbolic 0.8 / train/loss/rew 0.1 / train/loss/con 0.1 / train/loss/policy -0.0 / train/loss/value 1.1 / train/loss/repval 1.3 / train/opt/loss 3.9 / train/opt/lr 0.0 / train/opt/grad_scale 8192.0 / train/opt/updates 2344.0 / fps/fps 51.2
[75277] episode/score 0.0 / episode/length 360.0
[75637] episode/score 0.0 / episode/length 360.0
[75997] episode/score 0.0 / episode/length 360.0
[76357] episode/score 0.0 / episode/length 360.0
[76717] episode/score 0.0 / episode/length 360.0
[77077] episode/score 0.0 / episode/length 360.0
[77437] episode/score 0.0 / episode/length 360.0
[77797] episode/score 0.0 / episode/length 360.0
[78157] episode/score 0.0 / episode/length 360.0
[78517] episode/score 0.0 / episode/length 360.0
[78877] episode/score 0.0 / episode/length 360.0
[79237] episode/score 0.0 / episode/length 360.0
[79597] episode/score 0.0 / episode/length 360.0
[79957] episode/score 0.0 / episode/length 360.0
Evaluating the policy...
[80000] episode/eval_score 0.0 / episode/eval_length 360.0
[80066] train/ndnf_delta 0.1 / train/dyn_entropy 7.3 / train/rep_entropy 5.3 / train/ret 0.0 / train/ret_005 0.7 / train/ret_095 0.8 / train/adv 0.0 / train/adv_std 0.0 / train/con 1.0 / train/rew 0.0 / train/val 0.7 / train/tar 0.7 / train/slowval 0.7 / train/weight 0.9 / train/action_entropy 0.3 / train/action_mean 0.1 / train/action_std 0.3 / train/action_min 0.0 / train/action_max 1.0 / train/ret_replay_mean 0.7 / train/ret_replay_std 0.1 / train/ret_replay_min 0.7 / train/ret_replay_max 1.0 / train/value_replay_mean 0.7 / train/value_replay_std 0.0 / train/value_replay_min 0.7 / train/value_replay_max 0.9 / train/slow_value_replay_mean 0.7 / train/slow_value_replay_std 0.0 / train/slow_value_replay_min 0.7 / train/slow_value_replay_max 0.9 / train/loss/dyn 1.2 / train/loss/rep 1.2 / train/loss/ground 0.0 / train/loss/ndnf_aux 0.5 / train/loss/symbolic 0.9 / train/loss/rew 0.0 / train/loss/con 0.0 / train/loss/policy -0.0 / train/loss/value 1.2 / train/loss/repval 1.3 / train/opt/loss 3.8 / train/opt/lr 0.0 / train/opt/grad_scale 8192.0 / train/opt/updates 2500.0 / fps/fps 50.1
[80317] episode/score 0.0 / episode/length 360.0
[80677] episode/score 0.0 / episode/length 360.0
[81037] episode/score 0.0 / episode/length 360.0
[81397] episode/score 0.0 / episode/length 360.0
[81757] episode/score 0.0 / episode/length 360.0
[82117] episode/score 0.0 / episode/length 360.0
[82477] episode/score 0.0 / episode/length 360.0
[82837] episode/score 0.0 / episode/length 360.0
[83197] episode/score 0.0 / episode/length 360.0
[83557] episode/score 0.0 / episode/length 360.0
[83917] episode/score 0.0 / episode/length 360.0
[84277] episode/score 0.0 / episode/length 360.0
[84637] episode/score 0.0 / episode/length 360.0
[84997] episode/score 0.0 / episode/length 360.0
[85066] train/ndnf_delta 0.1 / train/dyn_entropy 7.0 / train/rep_entropy 5.1 / train/ret 0.0 / train/ret_005 0.7 / train/ret_095 0.8 / train/adv -0.0 / train/adv_std 0.0 / train/con 1.0 / train/rew 0.0 / train/val 0.7 / train/tar 0.7 / train/slowval 0.7 / train/weight 0.9 / train/action_entropy 0.3 / train/action_mean 0.1 / train/action_std 0.3 / train/action_min 0.0 / train/action_max 1.0 / train/ret_replay_mean 0.7 / train/ret_replay_std 0.1 / train/ret_replay_min 0.7 / train/ret_replay_max 1.0 / train/value_replay_mean 0.7 / train/value_replay_std 0.0 / train/value_replay_min 0.7 / train/value_replay_max 0.9 / train/slow_value_replay_mean 0.7 / train/slow_value_replay_std 0.0 / train/slow_value_replay_min 0.7 / train/slow_value_replay_max 0.9 / train/loss/dyn 1.2 / train/loss/rep 1.2 / train/loss/ground 0.0 / train/loss/ndnf_aux 0.5 / train/loss/symbolic 0.8 / train/loss/rew 0.0 / train/loss/con 0.0 / train/loss/policy -0.0 / train/loss/value 1.2 / train/loss/repval 1.2 / train/opt/loss 3.7 / train/opt/lr 0.0 / train/opt/grad_scale 8192.0 / train/opt/updates 2657.0 / fps/fps 51.6
[85357] episode/score 0.0 / episode/length 360.0
[85717] episode/score 0.0 / episode/length 360.0
[86077] episode/score 0.0 / episode/length 360.0
[86437] episode/score 0.0 / episode/length 360.0
[86797] episode/score 0.0 / episode/length 360.0
[87157] episode/score 0.0 / episode/length 360.0
[87517] episode/score 0.0 / episode/length 360.0
[87877] episode/score 0.0 / episode/length 360.0
[88237] episode/score 0.0 / episode/length 360.0
[88597] episode/score 0.0 / episode/length 360.0
[88957] episode/score 0.0 / episode/length 360.0
[89317] episode/score 0.0 / episode/length 360.0
[89677] episode/score 0.0 / episode/length 360.0
Evaluating the policy...
[90000] episode/eval_score 0.0 / episode/eval_length 360.0
[90037] episode/score 0.0 / episode/length 360.0
[90066] train/ndnf_delta 0.1 / train/dyn_entropy 7.3 / train/rep_entropy 5.5 / train/ret 0.0 / train/ret_005 0.7 / train/ret_095 0.8 / train/adv -0.0 / train/adv_std 0.0 / train/con 1.0 / train/rew 0.0 / train/val 0.7 / train/tar 0.7 / train/slowval 0.7 / train/weight 0.9 / train/action_entropy 0.4 / train/action_mean 0.1 / train/action_std 0.3 / train/action_min 0.0 / train/action_max 1.0 / train/ret_replay_mean 0.7 / train/ret_replay_std 0.1 / train/ret_replay_min 0.6 / train/ret_replay_max 1.0 / train/value_replay_mean 0.7 / train/value_replay_std 0.0 / train/value_replay_min 0.7 / train/value_replay_max 0.9 / train/slow_value_replay_mean 0.7 / train/slow_value_replay_std 0.0 / train/slow_value_replay_min 0.7 / train/slow_value_replay_max 0.9 / train/loss/dyn 1.2 / train/loss/rep 1.2 / train/loss/ground 0.1 / train/loss/ndnf_aux 0.5 / train/loss/symbolic 0.8 / train/loss/rew 0.0 / train/loss/con 0.0 / train/loss/policy -0.0 / train/loss/value 1.2 / train/loss/repval 1.2 / train/opt/loss 3.9 / train/opt/lr 0.0 / train/opt/grad_scale 8192.0 / train/opt/updates 2813.0 / fps/fps 50.6
[90397] episode/score 0.0 / episode/length 360.0
[90757] episode/score 0.0 / episode/length 360.0
[91117] episode/score 0.0 / episode/length 360.0
[91477] episode/score 0.0 / episode/length 360.0
[91837] episode/score 0.0 / episode/length 360.0
[92197] episode/score 0.0 / episode/length 360.0
[92557] episode/score 0.0 / episode/length 360.0
[92917] episode/score 0.0 / episode/length 360.0
[93277] episode/score 0.0 / episode/length 360.0
[93637] episode/score 0.0 / episode/length 360.0
[93997] episode/score 0.0 / episode/length 360.0
[94357] episode/score 0.0 / episode/length 360.0
[94717] episode/score 0.0 / episode/length 360.0
[95066] train/ndnf_delta 0.1 / train/dyn_entropy 7.1 / train/rep_entropy 5.3 / train/ret 0.0 / train/ret_005 0.7 / train/ret_095 0.8 / train/adv -0.0 / train/adv_std 0.0 / train/con 1.0 / train/rew 0.0 / train/val 0.7 / train/tar 0.7 / train/slowval 0.7 / train/weight 0.9 / train/action_entropy 0.5 / train/action_mean 0.1 / train/action_std 0.3 / train/action_min 0.0 / train/action_max 1.0 / train/ret_replay_mean 0.7 / train/ret_replay_std 0.1 / train/ret_replay_min 0.6 / train/ret_replay_max 1.0 / train/value_replay_mean 0.7 / train/value_replay_std 0.0 / train/value_replay_min 0.7 / train/value_replay_max 0.9 / train/slow_value_replay_mean 0.7 / train/slow_value_replay_std 0.0 / train/slow_value_replay_min 0.7 / train/slow_value_replay_max 0.9 / train/loss/dyn 1.2 / train/loss/rep 1.2 / train/loss/ground 0.1 / train/loss/ndnf_aux 0.5 / train/loss/symbolic 0.8 / train/loss/rew 0.0 / train/loss/con 0.0 / train/loss/policy -0.0 / train/loss/value 1.1 / train/loss/repval 1.1 / train/opt/loss 3.7 / train/opt/lr 0.0 / train/opt/grad_scale 8192.0 / train/opt/updates 2969.0 / fps/fps 52.0
[95077] episode/score 0.0 / episode/length 360.0
[95437] episode/score 0.0 / episode/length 360.0
[95797] episode/score 0.0 / episode/length 360.0
[96157] episode/score 0.0 / episode/length 360.0
[96517] episode/score 0.0 / episode/length 360.0
[96877] episode/score 0.0 / episode/length 360.0
[97237] episode/score 0.0 / episode/length 360.0
[97597] episode/score 0.0 / episode/length 360.0
[97957] episode/score 0.0 / episode/length 360.0
[98317] episode/score 0.0 / episode/length 360.0
[98677] episode/score 0.0 / episode/length 360.0
[99037] episode/score 0.0 / episode/length 360.0
[99397] episode/score 0.0 / episode/length 360.0
[99757] episode/score 0.0 / episode/length 360.0
Evaluating the policy...
[100000] episode/eval_score 0.0 / episode/eval_length 360.0
[100066] train/ndnf_delta 0.1 / train/dyn_entropy 7.2 / train/rep_entropy 5.4 / train/ret 0.0 / train/ret_005 0.7 / train/ret_095 0.8 / train/adv -0.0 / train/adv_std 0.0 / train/con 1.0 / train/rew 0.0 / train/val 0.7 / train/tar 0.7 / train/slowval 0.7 / train/weight 0.9 / train/action_entropy 0.6 / train/action_mean 0.1 / train/action_std 0.3 / train/action_min 0.0 / train/action_max 1.0 / train/ret_replay_mean 0.7 / train/ret_replay_std 0.1 / train/ret_replay_min 0.6 / train/ret_replay_max 1.0 / train/value_replay_mean 0.7 / train/value_replay_std 0.0 / train/value_replay_min 0.7 / train/value_replay_max 0.9 / train/slow_value_replay_mean 0.7 / train/slow_value_replay_std 0.0 / train/slow_value_replay_min 0.7 / train/slow_value_replay_max 0.9 / train/loss/dyn 1.1 / train/loss/rep 1.1 / train/loss/ground 0.0 / train/loss/ndnf_aux 0.5 / train/loss/symbolic 0.7 / train/loss/rew 0.0 / train/loss/con 0.0 / train/loss/policy 0.0 / train/loss/value 1.1 / train/loss/repval 1.0 / train/opt/loss 3.4 / train/opt/lr 0.0 / train/opt/grad_scale 8192.0 / train/opt/updates 3125.0 / fps/fps 50.5
[100117] episode/score 0.0 / episode/length 360.0
[100477] episode/score 0.0 / episode/length 360.0
[100837] episode/score 0.0 / episode/length 360.0
[101197] episode/score 0.0 / episode/length 360.0
[101557] episode/score 0.0 / episode/length 360.0
[101917] episode/score 0.0 / episode/length 360.0
[102277] episode/score 0.0 / episode/length 360.0
[102637] episode/score 0.0 / episode/length 360.0
[102997] episode/score 0.0 / episode/length 360.0
[103357] episode/score 0.0 / episode/length 360.0
[103717] episode/score 0.0 / episode/length 360.0
[104077] episode/score 0.0 / episode/length 360.0
[104437] episode/score 0.0 / episode/length 360.0
[104797] episode/score 0.0 / episode/length 360.0
[105066] train/ndnf_delta 0.1 / train/dyn_entropy 6.8 / train/rep_entropy 4.8 / train/ret 0.0 / train/ret_005 0.6 / train/ret_095 0.8 / train/adv -0.0 / train/adv_std 0.0 / train/con 1.0 / train/rew 0.0 / train/val 0.7 / train/tar 0.7 / train/slowval 0.7 / train/weight 0.9 / train/action_entropy 0.7 / train/action_mean 0.1 / train/action_std 0.3 / train/action_min 0.0 / train/action_max 1.0 / train/ret_replay_mean 0.7 / train/ret_replay_std 0.1 / train/ret_replay_min 0.6 / train/ret_replay_max 1.0 / train/value_replay_mean 0.7 / train/value_replay_std 0.1 / train/value_replay_min 0.6 / train/value_replay_max 0.9 / train/slow_value_replay_mean 0.7 / train/slow_value_replay_std 0.1 / train/slow_value_replay_min 0.6 / train/slow_value_replay_max 0.9 / train/loss/dyn 1.3 / train/loss/rep 1.3 / train/loss/ground 0.1 / train/loss/ndnf_aux 0.5 / train/loss/symbolic 0.8 / train/loss/rew 0.0 / train/loss/con 0.0 / train/loss/policy -0.0 / train/loss/value 0.9 / train/loss/repval 1.0 / train/opt/loss 3.7 / train/opt/lr 0.0 / train/opt/grad_scale 8192.0 / train/opt/updates 3282.0 / fps/fps 50.8
[105157] episode/score 0.0 / episode/length 360.0
[105517] episode/score 0.0 / episode/length 360.0
[105877] episode/score 0.0 / episode/length 360.0
[106237] episode/score 0.0 / episode/length 360.0
[106597] episode/score 0.0 / episode/length 360.0
[106957] episode/score 0.0 / episode/length 360.0
[107317] episode/score 0.0 / episode/length 360.0
[107677] episode/score 0.0 / episode/length 360.0
[108037] episode/score 0.0 / episode/length 360.0
[108397] episode/score 0.0 / episode/length 360.0
[108757] episode/score 0.0 / episode/length 360.0
[109117] episode/score 0.0 / episode/length 360.0
[109477] episode/score 0.0 / episode/length 360.0
[109837] episode/score 0.0 / episode/length 360.0
Evaluating the policy...
[110000] episode/eval_score 0.0 / episode/eval_length 360.0
[110066] train/ndnf_delta 0.1 / train/dyn_entropy 6.7 / train/rep_entropy 4.8 / train/ret 0.0 / train/ret_005 0.6 / train/ret_095 0.7 / train/adv -0.0 / train/adv_std 0.0 / train/con 1.0 / train/rew 0.0 / train/val 0.7 / train/tar 0.7 / train/slowval 0.7 / train/weight 0.9 / train/action_entropy 0.8 / train/action_mean 0.1 / train/action_std 0.3 / train/action_min 0.0 / train/action_max 1.0 / train/ret_replay_mean 0.7 / train/ret_replay_std 0.1 / train/ret_replay_min 0.6 / train/ret_replay_max 1.0 / train/value_replay_mean 0.7 / train/value_replay_std 0.1 / train/value_replay_min 0.6 / train/value_replay_max 0.9 / train/slow_value_replay_mean 0.7 / train/slow_value_replay_std 0.1 / train/slow_value_replay_min 0.6 / train/slow_value_replay_max 0.9 / train/loss/dyn 1.3 / train/loss/rep 1.3 / train/loss/ground 0.1 / train/loss/ndnf_aux 0.5 / train/loss/symbolic 0.9 / train/loss/rew 0.0 / train/loss/con 0.0 / train/loss/policy -0.0 / train/loss/value 0.8 / train/loss/repval 0.9 / train/opt/loss 3.5 / train/opt/lr 0.0 / train/opt/grad_scale 8192.0 / train/opt/updates 3438.0 / fps/fps 50.5
[110197] episode/score 0.0 / episode/length 360.0
[110557] episode/score 0.0 / episode/length 360.0
[110917] episode/score 0.0 / episode/length 360.0
[111277] episode/score 0.0 / episode/length 360.0
[111637] episode/score 0.0 / episode/length 360.0
[111997] episode/score 0.0 / episode/length 360.0
[112357] episode/score 0.0 / episode/length 360.0
[112717] episode/score 0.0 / episode/length 360.0
[113077] episode/score 0.0 / episode/length 360.0
[113437] episode/score 0.0 / episode/length 360.0
[113797] episode/score 0.0 / episode/length 360.0
[114157] episode/score 0.0 / episode/length 360.0
[114517] episode/score 0.0 / episode/length 360.0
[114877] episode/score 0.0 / episode/length 360.0
[115066] train/ndnf_delta 0.1 / train/dyn_entropy 6.6 / train/rep_entropy 4.5 / train/ret 0.0 / train/ret_005 0.6 / train/ret_095 0.7 / train/adv -0.0 / train/adv_std 0.0 / train/con 1.0 / train/rew 0.0 / train/val 0.6 / train/tar 0.6 / train/slowval 0.7 / train/weight 0.9 / train/action_entropy 0.8 / train/action_mean 0.1 / train/action_std 0.3 / train/action_min 0.0 / train/action_max 1.0 / train/ret_replay_mean 0.7 / train/ret_replay_std 0.1 / train/ret_replay_min 0.6 / train/ret_replay_max 1.0 / train/value_replay_mean 0.7 / train/value_replay_std 0.1 / train/value_replay_min 0.6 / train/value_replay_max 0.9 / train/slow_value_replay_mean 0.7 / train/slow_value_replay_std 0.1 / train/slow_value_replay_min 0.6 / train/slow_value_replay_max 0.9 / train/loss/dyn 1.4 / train/loss/rep 1.4 / train/loss/ground 0.1 / train/loss/ndnf_aux 0.5 / train/loss/symbolic 0.8 / train/loss/rew 0.0 / train/loss/con 0.0 / train/loss/policy -0.0 / train/loss/value 0.7 / train/loss/repval 1.0 / train/opt/loss 3.4 / train/opt/lr 0.0 / train/opt/grad_scale 8192.0 / train/opt/updates 3594.0 / fps/fps 51.5
[115237] episode/score 0.0 / episode/length 360.0
[115597] episode/score 0.0 / episode/length 360.0
[115957] episode/score 0.0 / episode/length 360.0
[116317] episode/score 0.0 / episode/length 360.0
[116677] episode/score 0.0 / episode/length 360.0
[117037] episode/score 0.0 / episode/length 360.0
[117397] episode/score 0.0 / episode/length 360.0
[117757] episode/score 0.0 / episode/length 360.0
[118117] episode/score 0.0 / episode/length 360.0
[118477] episode/score 0.0 / episode/length 360.0
[118837] episode/score 0.0 / episode/length 360.0
[119197] episode/score 0.0 / episode/length 360.0
[119557] episode/score 0.0 / episode/length 360.0
[119917] episode/score 0.0 / episode/length 360.0
Evaluating the policy...
[120000] episode/eval_score 0.0 / episode/eval_length 360.0
[120066] train/ndnf_delta 0.1 / train/dyn_entropy 6.6 / train/rep_entropy 4.7 / train/ret 0.0 / train/ret_005 0.6 / train/ret_095 0.7 / train/adv -0.0 / train/adv_std 0.0 / train/con 1.0 / train/rew 0.0 / train/val 0.6 / train/tar 0.6 / train/slowval 0.6 / train/weight 0.9 / train/action_entropy 0.9 / train/action_mean 0.1 / train/action_std 0.3 / train/action_min 0.0 / train/action_max 1.0 / train/ret_replay_mean 0.7 / train/ret_replay_std 0.1 / train/ret_replay_min 0.6 / train/ret_replay_max 1.0 / train/value_replay_mean 0.6 / train/value_replay_std 0.1 / train/value_replay_min 0.6 / train/value_replay_max 0.9 / train/slow_value_replay_mean 0.7 / train/slow_value_replay_std 0.1 / train/slow_value_replay_min 0.6 / train/slow_value_replay_max 0.9 / train/loss/dyn 1.4 / train/loss/rep 1.4 / train/loss/ground 0.1 / train/loss/ndnf_aux 0.5 / train/loss/symbolic 0.9 / train/loss/rew 0.0 / train/loss/con 0.0 / train/loss/policy -0.0 / train/loss/value 0.6 / train/loss/repval 1.1 / train/opt/loss 3.4 / train/opt/lr 0.0 / train/opt/grad_scale 8192.0 / train/opt/updates 3750.0 / fps/fps 50.3
[120277] episode/score 0.0 / episode/length 360.0
[120637] episode/score 0.0 / episode/length 360.0
[120997] episode/score 0.0 / episode/length 360.0
[121357] episode/score 0.0 / episode/length 360.0
[121717] episode/score 0.0 / episode/length 360.0
[122077] episode/score 0.0 / episode/length 360.0
[122193] episode/score 0.7 / episode/length 116.0
[122553] episode/score 0.0 / episode/length 360.0
[122913] episode/score 0.0 / episode/length 360.0
[123273] episode/score 0.0 / episode/length 360.0
[123633] episode/score 0.0 / episode/length 360.0
[123993] episode/score 0.0 / episode/length 360.0
[124353] episode/score 0.0 / episode/length 360.0
[124713] episode/score 0.0 / episode/length 360.0
[125066] train/ndnf_delta 0.1 / train/dyn_entropy 6.5 / train/rep_entropy 4.6 / train/ret 0.1 / train/ret_005 0.6 / train/ret_095 0.8 / train/adv 0.0 / train/adv_std 0.1 / train/con 1.0 / train/rew 0.0 / train/val 0.7 / train/tar 0.7 / train/slowval 0.7 / train/weight 0.9 / train/action_entropy 0.8 / train/action_mean 0.1 / train/action_std 0.3 / train/action_min 0.0 / train/action_max 1.0 / train/ret_replay_mean 0.7 / train/ret_replay_std 0.1 / train/ret_replay_min 0.6 / train/ret_replay_max 1.0 / train/value_replay_mean 0.7 / train/value_replay_std 0.1 / train/value_replay_min 0.6 / train/value_replay_max 0.8 / train/slow_value_replay_mean 0.6 / train/slow_value_replay_std 0.1 / train/slow_value_replay_min 0.6 / train/slow_value_replay_max 0.8 / train/loss/dyn 1.2 / train/loss/rep 1.2 / train/loss/ground 0.1 / train/loss/ndnf_aux 0.5 / train/loss/symbolic 0.7 / train/loss/rew 0.0 / train/loss/con 0.0 / train/loss/policy 0.0 / train/loss/value 0.8 / train/loss/repval 0.9 / train/opt/loss 3.1 / train/opt/lr 0.0 / train/opt/grad_scale 8192.0 / train/opt/updates 3907.0 / fps/fps 51.5
[125073] episode/score 0.0 / episode/length 360.0
[125433] episode/score 0.0 / episode/length 360.0
[125793] episode/score 0.0 / episode/length 360.0
[126153] episode/score 0.0 / episode/length 360.0
[126513] episode/score 0.0 / episode/length 360.0
[126873] episode/score 0.0 / episode/length 360.0
[127233] episode/score 0.0 / episode/length 360.0
[127593] episode/score 0.0 / episode/length 360.0
[127953] episode/score 0.0 / episode/length 360.0
[128313] episode/score 0.0 / episode/length 360.0
[128673] episode/score 0.0 / episode/length 360.0
[129033] episode/score 0.0 / episode/length 360.0
[129393] episode/score 0.0 / episode/length 360.0
[129753] episode/score 0.0 / episode/length 360.0
Evaluating the policy...
[130000] episode/eval_score 0.0 / episode/eval_length 360.0
[130066] train/ndnf_delta 0.1 / train/dyn_entropy 6.6 / train/rep_entropy 4.8 / train/ret 0.1 / train/ret_005 0.6 / train/ret_095 0.8 / train/adv 0.0 / train/adv_std 0.0 / train/con 1.0 / train/rew 0.0 / train/val 0.7 / train/tar 0.7 / train/slowval 0.7 / train/weight 0.9 / train/action_entropy 0.8 / train/action_mean 0.1 / train/action_std 0.3 / train/action_min 0.0 / train/action_max 1.0 / train/ret_replay_mean 0.7 / train/ret_replay_std 0.1 / train/ret_replay_min 0.6 / train/ret_replay_max 1.0 / train/value_replay_mean 0.7 / train/value_replay_std 0.1 / train/value_replay_min 0.6 / train/value_replay_max 0.8 / train/slow_value_replay_mean 0.7 / train/slow_value_replay_std 0.1 / train/slow_value_replay_min 0.6 / train/slow_value_replay_max 0.8 / train/loss/dyn 1.2 / train/loss/rep 1.2 / train/loss/ground 0.1 / train/loss/ndnf_aux 0.5 / train/loss/symbolic 0.6 / train/loss/rew 0.0 / train/loss/con 0.0 / train/loss/policy 0.0 / train/loss/value 0.8 / train/loss/repval 0.9 / train/opt/loss 3.2 / train/opt/lr 0.0 / train/opt/grad_scale 16384.0 / train/opt/updates 4063.0 / fps/fps 50.4
[130113] episode/score 0.0 / episode/length 360.0
[130473] episode/score 0.0 / episode/length 360.0
[130833] episode/score 0.0 / episode/length 360.0
[131193] episode/score 0.0 / episode/length 360.0
[131553] episode/score 0.0 / episode/length 360.0
[131913] episode/score 0.0 / episode/length 360.0
[132273] episode/score 0.0 / episode/length 360.0
[132633] episode/score 0.0 / episode/length 360.0
[132993] episode/score 0.0 / episode/length 360.0
[133353] episode/score 0.0 / episode/length 360.0
[133713] episode/score 0.0 / episode/length 360.0
[134073] episode/score 0.0 / episode/length 360.0
[134433] episode/score 0.0 / episode/length 360.0
[134793] episode/score 0.0 / episode/length 360.0
[135066] train/ndnf_delta 0.1 / train/dyn_entropy 6.6 / train/rep_entropy 4.9 / train/ret 0.1 / train/ret_005 0.6 / train/ret_095 0.8 / train/adv -0.0 / train/adv_std 0.0 / train/con 1.0 / train/rew 0.0 / train/val 0.7 / train/tar 0.7 / train/slowval 0.7 / train/weight 0.9 / train/action_entropy 0.7 / train/action_mean 0.1 / train/action_std 0.3 / train/action_min 0.0 / train/action_max 1.0 / train/ret_replay_mean 0.6 / train/ret_replay_std 0.1 / train/ret_replay_min 0.6 / train/ret_replay_max 1.0 / train/value_replay_mean 0.7 / train/value_replay_std 0.0 / train/value_replay_min 0.6 / train/value_replay_max 0.8 / train/slow_value_replay_mean 0.7 / train/slow_value_replay_std 0.0 / train/slow_value_replay_min 0.6 / train/slow_value_replay_max 0.8 / train/loss/dyn 1.2 / train/loss/rep 1.2 / train/loss/ground 0.0 / train/loss/ndnf_aux 0.5 / train/loss/symbolic 0.6 / train/loss/rew 0.0 / train/loss/con 0.0 / train/loss/policy 0.0 / train/loss/value 0.9 / train/loss/repval 0.9 / train/opt/loss 3.2 / train/opt/lr 0.0 / train/opt/grad_scale 16384.0 / train/opt/updates 4219.0 / fps/fps 51.2
[135153] episode/score 0.0 / episode/length 360.0
[135513] episode/score 0.0 / episode/length 360.0
[135873] episode/score 0.0 / episode/length 360.0
[136233] episode/score 0.0 / episode/length 360.0
[136593] episode/score 0.0 / episode/length 360.0
[136953] episode/score 0.0 / episode/length 360.0
[137313] episode/score 0.0 / episode/length 360.0
[137673] episode/score 0.0 / episode/length 360.0
[138033] episode/score 0.0 / episode/length 360.0
[138393] episode/score 0.0 / episode/length 360.0
[138753] episode/score 0.0 / episode/length 360.0
[139113] episode/score 0.0 / episode/length 360.0
[139473] episode/score 0.0 / episode/length 360.0
[139833] episode/score 0.0 / episode/length 360.0
Evaluating the policy...
[140000] episode/eval_score 0.0 / episode/eval_length 360.0
[140066] train/ndnf_delta 0.1 / train/dyn_entropy 6.0 / train/rep_entropy 4.0 / train/ret 0.1 / train/ret_005 0.6 / train/ret_095 0.8 / train/adv -0.0 / train/adv_std 0.0 / train/con 1.0 / train/rew 0.0 / train/val 0.7 / train/tar 0.7 / train/slowval 0.7 / train/weight 0.9 / train/action_entropy 0.9 / train/action_mean 0.1 / train/action_std 0.3 / train/action_min 0.0 / train/action_max 1.0 / train/ret_replay_mean 0.7 / train/ret_replay_std 0.1 / train/ret_replay_min 0.6 / train/ret_replay_max 1.0 / train/value_replay_mean 0.7 / train/value_replay_std 0.1 / train/value_replay_min 0.6 / train/value_replay_max 0.8 / train/slow_value_replay_mean 0.7 / train/slow_value_replay_std 0.1 / train/slow_value_replay_min 0.6 / train/slow_value_replay_max 0.8 / train/loss/dyn 1.6 / train/loss/rep 1.6 / train/loss/ground 0.1 / train/loss/ndnf_aux 0.6 / train/loss/symbolic 0.9 / train/loss/rew 0.0 / train/loss/con 0.0 / train/loss/policy 0.0 / train/loss/value 0.8 / train/loss/repval 1.0 / train/opt/loss 3.8 / train/opt/lr 0.0 / train/opt/grad_scale 16384.0 / train/opt/updates 4375.0 / fps/fps 50.1
[140193] episode/score 0.0 / episode/length 360.0
[140553] episode/score 0.0 / episode/length 360.0
[140913] episode/score 0.0 / episode/length 360.0
[141273] episode/score 0.0 / episode/length 360.0
[141633] episode/score 0.0 / episode/length 360.0
[141993] episode/score 0.0 / episode/length 360.0
[142353] episode/score 0.0 / episode/length 360.0
[142713] episode/score 0.0 / episode/length 360.0
[143073] episode/score 0.0 / episode/length 360.0
[143433] episode/score 0.0 / episode/length 360.0
[143793] episode/score 0.0 / episode/length 360.0
[144153] episode/score 0.0 / episode/length 360.0
[144513] episode/score 0.0 / episode/length 360.0
[144873] episode/score 0.0 / episode/length 360.0
[145066] train/ndnf_delta 0.1 / train/dyn_entropy 6.3 / train/rep_entropy 4.5 / train/ret 0.1 / train/ret_005 0.6 / train/ret_095 0.7 / train/adv -0.0 / train/adv_std 0.0 / train/con 1.0 / train/rew 0.0 / train/val 0.7 / train/tar 0.7 / train/slowval 0.7 / train/weight 0.9 / train/action_entropy 0.8 / train/action_mean 0.1 / train/action_std 0.3 / train/action_min 0.0 / train/action_max 1.0 / train/ret_replay_mean 0.6 / train/ret_replay_std 0.1 / train/ret_replay_min 0.6 / train/ret_replay_max 1.0 / train/value_replay_mean 0.6 / train/value_replay_std 0.0 / train/value_replay_min 0.6 / train/value_replay_max 0.8 / train/slow_value_replay_mean 0.7 / train/slow_value_replay_std 0.0 / train/slow_value_replay_min 0.6 / train/slow_value_replay_max 0.8 / train/loss/dyn 1.3 / train/loss/rep 1.3 / train/loss/ground 0.0 / train/loss/ndnf_aux 0.6 / train/loss/symbolic 0.7 / train/loss/rew 0.0 / train/loss/con 0.0 / train/loss/policy -0.0 / train/loss/value 0.8 / train/loss/repval 0.9 / train/opt/loss 3.3 / train/opt/lr 0.0 / train/opt/grad_scale 16384.0 / train/opt/updates 4532.0 / fps/fps 51.8
[145233] episode/score 0.0 / episode/length 360.0
[145593] episode/score 0.0 / episode/length 360.0
[145953] episode/score 0.0 / episode/length 360.0
[146313] episode/score 0.0 / episode/length 360.0
[146673] episode/score 0.0 / episode/length 360.0
[147033] episode/score 0.0 / episode/length 360.0
[147393] episode/score 0.0 / episode/length 360.0
[147753] episode/score 0.0 / episode/length 360.0
[148113] episode/score 0.0 / episode/length 360.0
[148473] episode/score 0.0 / episode/length 360.0
[148833] episode/score 0.0 / episode/length 360.0
[149193] episode/score 0.0 / episode/length 360.0
[149553] episode/score 0.0 / episode/length 360.0
[149913] episode/score 0.0 / episode/length 360.0
Evaluating the policy...
[150000] episode/eval_score 0.0 / episode/eval_length 360.0
[150066] train/ndnf_delta 0.1 / train/dyn_entropy 6.4 / train/rep_entropy 4.5 / train/ret 0.1 / train/ret_005 0.6 / train/ret_095 0.7 / train/adv -0.0 / train/adv_std 0.0 / train/con 1.0 / train/rew 0.0 / train/val 0.6 / train/tar 0.6 / train/slowval 0.6 / train/weight 0.9 / train/action_entropy 1.0 / train/action_mean 0.1 / train/action_std 0.3 / train/action_min 0.0 / train/action_max 1.0 / train/ret_replay_mean 0.6 / train/ret_replay_std 0.1 / train/ret_replay_min 0.6 / train/ret_replay_max 1.0 / train/value_replay_mean 0.6 / train/value_replay_std 0.0 / train/value_replay_min 0.6 / train/value_replay_max 0.8 / train/slow_value_replay_mean 0.6 / train/slow_value_replay_std 0.0 / train/slow_value_replay_min 0.6 / train/slow_value_replay_max 0.8 / train/loss/dyn 1.4 / train/loss/rep 1.4 / train/loss/ground 0.1 / train/loss/ndnf_aux 0.6 / train/loss/symbolic 0.9 / train/loss/rew 0.0 / train/loss/con 0.0 / train/loss/policy -0.0 / train/loss/value 0.8 / train/loss/repval 0.9 / train/opt/loss 3.5 / train/opt/lr 0.0 / train/opt/grad_scale 16384.0 / train/opt/updates 4688.0 / fps/fps 50.7
[150273] episode/score 0.0 / episode/length 360.0
[150633] episode/score 0.0 / episode/length 360.0
[150993] episode/score 0.0 / episode/length 360.0
[151353] episode/score 0.0 / episode/length 360.0
[151713] episode/score 0.0 / episode/length 360.0
[152073] episode/score 0.0 / episode/length 360.0
[152433] episode/score 0.0 / episode/length 360.0
[152793] episode/score 0.0 / episode/length 360.0
[153153] episode/score 0.0 / episode/length 360.0
[153513] episode/score 0.0 / episode/length 360.0
[153873] episode/score 0.0 / episode/length 360.0
[154233] episode/score 0.0 / episode/length 360.0
[154593] episode/score 0.0 / episode/length 360.0
[154953] episode/score 0.0 / episode/length 360.0
[155066] train/ndnf_delta 0.1 / train/dyn_entropy 6.2 / train/rep_entropy 4.2 / train/ret 0.1 / train/ret_005 0.6 / train/ret_095 0.7 / train/adv -0.0 / train/adv_std 0.0 / train/con 1.0 / train/rew 0.0 / train/val 0.6 / train/tar 0.6 / train/slowval 0.6 / train/weight 0.9 / train/action_entropy 0.7 / train/action_mean 0.1 / train/action_std 0.3 / train/action_min 0.0 / train/action_max 1.0 / train/ret_replay_mean 0.6 / train/ret_replay_std 0.1 / train/ret_replay_min 0.6 / train/ret_replay_max 1.0 / train/value_replay_mean 0.6 / train/value_replay_std 0.0 / train/value_replay_min 0.6 / train/value_replay_max 0.7 / train/slow_value_replay_mean 0.6 / train/slow_value_replay_std 0.0 / train/slow_value_replay_min 0.6 / train/slow_value_replay_max 0.7 / train/loss/dyn 1.3 / train/loss/rep 1.3 / train/loss/ground 0.2 / train/loss/ndnf_aux 0.6 / train/loss/symbolic 0.8 / train/loss/rew 0.0 / train/loss/con 0.0 / train/loss/policy -0.0 / train/loss/value 0.8 / train/loss/repval 0.8 / train/opt/loss 3.4 / train/opt/lr 0.0 / train/opt/grad_scale 16384.0 / train/opt/updates 4844.0 / fps/fps 52.0
[155313] episode/score 0.0 / episode/length 360.0
[155673] episode/score 0.0 / episode/length 360.0
[156033] episode/score 0.0 / episode/length 360.0
[156393] episode/score 0.0 / episode/length 360.0
[156753] episode/score 0.0 / episode/length 360.0
[157113] episode/score 0.0 / episode/length 360.0
[157473] episode/score 0.0 / episode/length 360.0
[157833] episode/score 0.0 / episode/length 360.0
[158193] episode/score 0.0 / episode/length 360.0
[158553] episode/score 0.0 / episode/length 360.0
[158913] episode/score 0.0 / episode/length 360.0
[159273] episode/score 0.0 / episode/length 360.0
[159633] episode/score 0.0 / episode/length 360.0
[159993] episode/score 0.0 / episode/length 360.0
Evaluating the policy...
[160000] episode/eval_score 0.0 / episode/eval_length 360.0
[160066] train/ndnf_delta 0.1 / train/dyn_entropy 6.0 / train/rep_entropy 3.9 / train/ret 0.0 / train/ret_005 0.6 / train/ret_095 0.7 / train/adv -0.0 / train/adv_std 0.0 / train/con 1.0 / train/rew 0.0 / train/val 0.6 / train/tar 0.6 / train/slowval 0.6 / train/weight 0.9 / train/action_entropy 0.7 / train/action_mean 0.1 / train/action_std 0.3 / train/action_min 0.0 / train/action_max 1.0 / train/ret_replay_mean 0.6 / train/ret_replay_std 0.1 / train/ret_replay_min 0.5 / train/ret_replay_max 1.0 / train/value_replay_mean 0.6 / train/value_replay_std 0.0 / train/value_replay_min 0.6 / train/value_replay_max 0.7 / train/slow_value_replay_mean 0.6 / train/slow_value_replay_std 0.0 / train/slow_value_replay_min 0.6 / train/slow_value_replay_max 0.7 / train/loss/dyn 1.4 / train/loss/rep 1.4 / train/loss/ground 0.2 / train/loss/ndnf_aux 0.6 / train/loss/symbolic 0.8 / train/loss/rew 0.0 / train/loss/con 0.0 / train/loss/policy -0.0 / train/loss/value 0.7 / train/loss/repval 0.8 / train/opt/loss 3.5 / train/opt/lr 0.0 / train/opt/grad_scale 16384.0 / train/opt/updates 5000.0 / fps/fps 50.3
[160353] episode/score 0.0 / episode/length 360.0
[160713] episode/score 0.0 / episode/length 360.0
[161073] episode/score 0.0 / episode/length 360.0
[161433] episode/score 0.0 / episode/length 360.0
[161793] episode/score 0.0 / episode/length 360.0
[162153] episode/score 0.0 / episode/length 360.0
[162513] episode/score 0.0 / episode/length 360.0
[162873] episode/score 0.0 / episode/length 360.0
[163233] episode/score 0.0 / episode/length 360.0
[163593] episode/score 0.0 / episode/length 360.0
[163953] episode/score 0.0 / episode/length 360.0
[164313] episode/score 0.0 / episode/length 360.0
[164673] episode/score 0.0 / episode/length 360.0
[165033] episode/score 0.0 / episode/length 360.0
[165066] train/ndnf_delta 0.1 / train/dyn_entropy 6.2 / train/rep_entropy 4.1 / train/ret 0.0 / train/ret_005 0.6 / train/ret_095 0.6 / train/adv -0.0 / train/adv_std 0.0 / train/con 1.0 / train/rew 0.0 / train/val 0.6 / train/tar 0.6 / train/slowval 0.6 / train/weight 1.0 / train/action_entropy 0.9 / train/action_mean 0.1 / train/action_std 0.3 / train/action_min 0.0 / train/action_max 1.0 / train/ret_replay_mean 0.6 / train/ret_replay_std 0.1 / train/ret_replay_min 0.5 / train/ret_replay_max 1.0 / train/value_replay_mean 0.6 / train/value_replay_std 0.0 / train/value_replay_min 0.6 / train/value_replay_max 0.7 / train/slow_value_replay_mean 0.6 / train/slow_value_replay_std 0.0 / train/slow_value_replay_min 0.6 / train/slow_value_replay_max 0.7 / train/loss/dyn 1.4 / train/loss/rep 1.4 / train/loss/ground 0.0 / train/loss/ndnf_aux 0.6 / train/loss/symbolic 0.7 / train/loss/rew 0.0 / train/loss/con 0.0 / train/loss/policy -0.0 / train/loss/value 0.6 / train/loss/repval 1.0 / train/opt/loss 3.2 / train/opt/lr 0.0 / train/opt/grad_scale 16384.0 / train/opt/updates 5157.0 / fps/fps 51.4
[165393] episode/score 0.0 / episode/length 360.0
[165753] episode/score 0.0 / episode/length 360.0
[166113] episode/score 0.0 / episode/length 360.0
[166473] episode/score 0.0 / episode/length 360.0
[166833] episode/score 0.0 / episode/length 360.0
[167193] episode/score 0.0 / episode/length 360.0
[167553] episode/score 0.0 / episode/length 360.0
[167913] episode/score 0.0 / episode/length 360.0
[168273] episode/score 0.0 / episode/length 360.0
[168633] episode/score 0.0 / episode/length 360.0
[168993] episode/score 0.0 / episode/length 360.0
[169353] episode/score 0.0 / episode/length 360.0
[169713] episode/score 0.0 / episode/length 360.0
Evaluating the policy...
[170000] episode/eval_score 0.0 / episode/eval_length 360.0
[170066] train/ndnf_delta 0.1 / train/dyn_entropy 6.1 / train/rep_entropy 3.9 / train/ret 0.0 / train/ret_005 0.5 / train/ret_095 0.6 / train/adv -0.0 / train/adv_std 0.0 / train/con 1.0 / train/rew 0.0 / train/val 0.6 / train/tar 0.6 / train/slowval 0.6 / train/weight 1.0 / train/action_entropy 0.9 / train/action_mean 0.1 / train/action_std 0.3 / train/action_min 0.0 / train/action_max 1.0 / train/ret_replay_mean 0.6 / train/ret_replay_std 0.1 / train/ret_replay_min 0.5 / train/ret_replay_max 1.0 / train/value_replay_mean 0.6 / train/value_replay_std 0.0 / train/value_replay_min 0.5 / train/value_replay_max 0.7 / train/slow_value_replay_mean 0.6 / train/slow_value_replay_std 0.0 / train/slow_value_replay_min 0.5 / train/slow_value_replay_max 0.7 / train/loss/dyn 1.4 / train/loss/rep 1.4 / train/loss/ground 0.0 / train/loss/ndnf_aux 0.6 / train/loss/symbolic 0.7 / train/loss/rew 0.0 / train/loss/con 0.0 / train/loss/policy -0.0 / train/loss/value 0.7 / train/loss/repval 1.3 / train/opt/loss 3.4 / train/opt/lr 0.0 / train/opt/grad_scale 16384.0 / train/opt/updates 5313.0 / fps/fps 50.3
[170073] episode/score 0.0 / episode/length 360.0
[170433] episode/score 0.0 / episode/length 360.0
[170793] episode/score 0.0 / episode/length 360.0
[171153] episode/score 0.0 / episode/length 360.0
[171513] episode/score 0.0 / episode/length 360.0
[171873] episode/score 0.0 / episode/length 360.0
[172233] episode/score 0.0 / episode/length 360.0
[172593] episode/score 0.0 / episode/length 360.0
[172953] episode/score 0.0 / episode/length 360.0
[173313] episode/score 0.0 / episode/length 360.0
[173673] episode/score 0.0 / episode/length 360.0
[174033] episode/score 0.0 / episode/length 360.0
[174393] episode/score 0.0 / episode/length 360.0
[174753] episode/score 0.0 / episode/length 360.0
[175066] train/ndnf_delta 0.1 / train/dyn_entropy 5.8 / train/rep_entropy 3.8 / train/ret 0.0 / train/ret_005 0.5 / train/ret_095 0.6 / train/adv -0.0 / train/adv_std 0.0 / train/con 1.0 / train/rew 0.0 / train/val 0.6 / train/tar 0.6 / train/slowval 0.6 / train/weight 1.0 / train/action_entropy 1.0 / train/action_mean 0.1 / train/action_std 0.3 / train/action_min 0.0 / train/action_max 1.0 / train/ret_replay_mean 0.5 / train/ret_replay_std 0.0 / train/ret_replay_min 0.5 / train/ret_replay_max 0.6 / train/value_replay_mean 0.5 / train/value_replay_std 0.0 / train/value_replay_min 0.5 / train/value_replay_max 0.7 / train/slow_value_replay_mean 0.6 / train/slow_value_replay_std 0.0 / train/slow_value_replay_min 0.5 / train/slow_value_replay_max 0.7 / train/loss/dyn 1.3 / train/loss/rep 1.3 / train/loss/ground 0.1 / train/loss/ndnf_aux 0.6 / train/loss/symbolic 0.6 / train/loss/rew 0.0 / train/loss/con 0.0 / train/loss/policy -0.0 / train/loss/value 0.9 / train/loss/repval 1.2 / train/opt/loss 3.3 / train/opt/lr 0.0 / train/opt/grad_scale 16384.0 / train/opt/updates 5469.0 / fps/fps 51.5
[175113] episode/score 0.0 / episode/length 360.0
[175473] episode/score 0.0 / episode/length 360.0
[175833] episode/score 0.0 / episode/length 360.0
[176193] episode/score 0.0 / episode/length 360.0
[176553] episode/score 0.0 / episode/length 360.0
[176913] episode/score 0.0 / episode/length 360.0
[177273] episode/score 0.0 / episode/length 360.0
[177633] episode/score 0.0 / episode/length 360.0
[177993] episode/score 0.0 / episode/length 360.0
[178353] episode/score 0.0 / episode/length 360.0
[178713] episode/score 0.0 / episode/length 360.0
[179073] episode/score 0.0 / episode/length 360.0
[179433] episode/score 0.0 / episode/length 360.0
[179793] episode/score 0.0 / episode/length 360.0
Evaluating the policy...
[180000] episode/eval_score 0.0 / episode/eval_length 360.0
[180066] train/ndnf_delta 0.1 / train/dyn_entropy 5.7 / train/rep_entropy 3.6 / train/ret 0.0 / train/ret_005 0.5 / train/ret_095 0.6 / train/adv -0.0 / train/adv_std 0.0 / train/con 1.0 / train/rew 0.0 / train/val 0.6 / train/tar 0.5 / train/slowval 0.6 / train/weight 1.0 / train/action_entropy 1.0 / train/action_mean 0.1 / train/action_std 0.3 / train/action_min 0.0 / train/action_max 1.0 / train/ret_replay_mean 0.5 / train/ret_replay_std 0.1 / train/ret_replay_min 0.5 / train/ret_replay_max 1.0 / train/value_replay_mean 0.5 / train/value_replay_std 0.0 / train/value_replay_min 0.5 / train/value_replay_max 0.7 / train/slow_value_replay_mean 0.5 / train/slow_value_replay_std 0.0 / train/slow_value_replay_min 0.5 / train/slow_value_replay_max 0.7 / train/loss/dyn 1.3 / train/loss/rep 1.3 / train/loss/ground 0.0 / train/loss/ndnf_aux 0.6 / train/loss/symbolic 0.6 / train/loss/rew 0.0 / train/loss/con 0.0 / train/loss/policy -0.0 / train/loss/value 1.0 / train/loss/repval 1.3 / train/opt/loss 3.5 / train/opt/lr 0.0 / train/opt/grad_scale 16384.0 / train/opt/updates 5625.0 / fps/fps 50.1
[180153] episode/score 0.0 / episode/length 360.0
[180513] episode/score 0.0 / episode/length 360.0
[180873] episode/score 0.0 / episode/length 360.0
[181233] episode/score 0.0 / episode/length 360.0
[181593] episode/score 0.0 / episode/length 360.0
[181953] episode/score 0.0 / episode/length 360.0
[182313] episode/score 0.0 / episode/length 360.0
[182673] episode/score 0.0 / episode/length 360.0
[183033] episode/score 0.0 / episode/length 360.0
[183393] episode/score 0.0 / episode/length 360.0
[183753] episode/score 0.0 / episode/length 360.0
[184113] episode/score 0.0 / episode/length 360.0
[184473] episode/score 0.0 / episode/length 360.0
[184833] episode/score 0.0 / episode/length 360.0
[185066] train/ndnf_delta 0.1 / train/dyn_entropy 5.1 / train/rep_entropy 2.9 / train/ret 0.0 / train/ret_005 0.5 / train/ret_095 0.6 / train/adv -0.0 / train/adv_std 0.0 / train/con 1.0 / train/rew 0.0 / train/val 0.5 / train/tar 0.5 / train/slowval 0.5 / train/weight 1.0 / train/action_entropy 1.0 / train/action_mean 0.1 / train/action_std 0.3 / train/action_min 0.0 / train/action_max 1.0 / train/ret_replay_mean 0.6 / train/ret_replay_std 0.1 / train/ret_replay_min 0.5 / train/ret_replay_max 1.0 / train/value_replay_mean 0.5 / train/value_replay_std 0.0 / train/value_replay_min 0.5 / train/value_replay_max 0.7 / train/slow_value_replay_mean 0.5 / train/slow_value_replay_std 0.0 / train/slow_value_replay_min 0.5 / train/slow_value_replay_max 0.8 / train/loss/dyn 1.4 / train/loss/rep 1.4 / train/loss/ground 0.1 / train/loss/ndnf_aux 0.6 / train/loss/symbolic 0.7 / train/loss/rew 0.0 / train/loss/con 0.0 / train/loss/policy -0.0 / train/loss/value 1.1 / train/loss/repval 1.6 / train/opt/loss 3.9 / train/opt/lr 0.0 / train/opt/grad_scale 16384.0 / train/opt/updates 5782.0 / fps/fps 51.9
[185193] episode/score 0.0 / episode/length 360.0
[185553] episode/score 0.0 / episode/length 360.0
[185913] episode/score 0.0 / episode/length 360.0
[186273] episode/score 0.0 / episode/length 360.0
[186633] episode/score 0.0 / episode/length 360.0
[186993] episode/score 0.0 / episode/length 360.0
[187353] episode/score 0.0 / episode/length 360.0
[187713] episode/score 0.0 / episode/length 360.0
[188073] episode/score 0.0 / episode/length 360.0
[188175] episode/score 0.7 / episode/length 102.0
[188535] episode/score 0.0 / episode/length 360.0
[188895] episode/score 0.0 / episode/length 360.0
[189255] episode/score 0.0 / episode/length 360.0
[189615] episode/score 0.0 / episode/length 360.0
[189853] episode/score 0.4 / episode/length 238.0
Evaluating the policy...
[190000] episode/eval_score 0.0 / episode/eval_length 360.0
[190066] train/ndnf_delta 0.1 / train/dyn_entropy 5.0 / train/rep_entropy 2.9 / train/ret 0.0 / train/ret_005 0.5 / train/ret_095 0.6 / train/adv -0.0 / train/adv_std 0.0 / train/con 1.0 / train/rew 0.0 / train/val 0.5 / train/tar 0.5 / train/slowval 0.5 / train/weight 1.0 / train/action_entropy 1.1 / train/action_mean 0.1 / train/action_std 0.3 / train/action_min 0.0 / train/action_max 1.0 / train/ret_replay_mean 0.5 / train/ret_replay_std 0.1 / train/ret_replay_min 0.5 / train/ret_replay_max 1.0 / train/value_replay_mean 0.5 / train/value_replay_std 0.0 / train/value_replay_min 0.5 / train/value_replay_max 0.7 / train/slow_value_replay_mean 0.5 / train/slow_value_replay_std 0.0 / train/slow_value_replay_min 0.5 / train/slow_value_replay_max 0.8 / train/loss/dyn 1.3 / train/loss/rep 1.3 / train/loss/ground 0.1 / train/loss/ndnf_aux 0.6 / train/loss/symbolic 0.8 / train/loss/rew 0.0 / train/loss/con 0.0 / train/loss/policy -0.0 / train/loss/value 1.2 / train/loss/repval 1.4 / train/opt/loss 3.8 / train/opt/lr 0.0 / train/opt/grad_scale 16384.0 / train/opt/updates 5938.0 / fps/fps 50.6
[190213] episode/score 0.0 / episode/length 360.0
[190506] episode/score 0.3 / episode/length 293.0
[190866] episode/score 0.0 / episode/length 360.0
[191226] episode/score 0.0 / episode/length 360.0
[191586] episode/score 0.0 / episode/length 360.0
[191668] episode/score 0.8 / episode/length 82.0
[192028] episode/score 0.0 / episode/length 360.0
[192248] episode/score 0.4 / episode/length 220.0
[192287] episode/score 0.9 / episode/length 39.0
[192647] episode/score 0.0 / episode/length 360.0
[192761] episode/score 0.7 / episode/length 114.0
[193121] episode/score 0.0 / episode/length 360.0
[193481] episode/score 0.0 / episode/length 360.0
[193841] episode/score 0.0 / episode/length 360.0
[194201] episode/score 0.0 / episode/length 360.0
[194561] episode/score 0.0 / episode/length 360.0
[194921] episode/score 0.0 / episode/length 360.0
[195066] train/ndnf_delta 0.1 / train/dyn_entropy 5.4 / train/rep_entropy 3.2 / train/ret 0.0 / train/ret_005 0.5 / train/ret_095 0.6 / train/adv -0.0 / train/adv_std 0.0 / train/con 1.0 / train/rew 0.0 / train/val 0.5 / train/tar 0.5 / train/slowval 0.5 / train/weight 1.0 / train/action_entropy 0.9 / train/action_mean 0.1 / train/action_std 0.3 / train/action_min 0.0 / train/action_max 1.0 / train/ret_replay_mean 0.5 / train/ret_replay_std 0.1 / train/ret_replay_min 0.5 / train/ret_replay_max 1.0 / train/value_replay_mean 0.5 / train/value_replay_std 0.0 / train/value_replay_min 0.5 / train/value_replay_max 0.7 / train/slow_value_replay_mean 0.5 / train/slow_value_replay_std 0.0 / train/slow_value_replay_min 0.5 / train/slow_value_replay_max 0.7 / train/loss/dyn 1.4 / train/loss/rep 1.4 / train/loss/ground 0.0 / train/loss/ndnf_aux 0.6 / train/loss/symbolic 0.7 / train/loss/rew 0.0 / train/loss/con 0.0 / train/loss/policy -0.0 / train/loss/value 1.2 / train/loss/repval 1.6 / train/opt/loss 4.1 / train/opt/lr 0.0 / train/opt/grad_scale 32768.0 / train/opt/updates 6094.0 / fps/fps 51.9
[195281] episode/score 0.0 / episode/length 360.0
[195641] episode/score 0.0 / episode/length 360.0
[196001] episode/score 0.0 / episode/length 360.0
[196361] episode/score 0.0 / episode/length 360.0
[196721] episode/score 0.0 / episode/length 360.0
[197081] episode/score 0.0 / episode/length 360.0
[197211] episode/score 0.7 / episode/length 130.0
[197571] episode/score 0.0 / episode/length 360.0
[197931] episode/score 0.0 / episode/length 360.0
[198291] episode/score 0.0 / episode/length 360.0
[198651] episode/score 0.0 / episode/length 360.0
[199011] episode/score 0.0 / episode/length 360.0
[199371] episode/score 0.0 / episode/length 360.0
[199731] episode/score 0.0 / episode/length 360.0
Evaluating the policy...
[200000] episode/eval_score 0.0 / episode/eval_length 360.0
[200066] train/ndnf_delta 0.1 / train/dyn_entropy 5.1 / train/rep_entropy 3.1 / train/ret 0.0 / train/ret_005 0.5 / train/ret_095 0.6 / train/adv -0.0 / train/adv_std 0.0 / train/con 1.0 / train/rew 0.0 / train/val 0.5 / train/tar 0.5 / train/slowval 0.5 / train/weight 1.0 / train/action_entropy 0.9 / train/action_mean 0.1 / train/action_std 0.3 / train/action_min 0.0 / train/action_max 1.0 / train/ret_replay_mean 0.5 / train/ret_replay_std 0.1 / train/ret_replay_min 0.4 / train/ret_replay_max 1.0 / train/value_replay_mean 0.5 / train/value_replay_std 0.0 / train/value_replay_min 0.5 / train/value_replay_max 0.6 / train/slow_value_replay_mean 0.5 / train/slow_value_replay_std 0.0 / train/slow_value_replay_min 0.5 / train/slow_value_replay_max 0.7 / train/loss/dyn 1.3 / train/loss/rep 1.3 / train/loss/ground 0.1 / train/loss/ndnf_aux 0.6 / train/loss/symbolic 0.8 / train/loss/rew 0.0 / train/loss/con 0.0 / train/loss/policy -0.0 / train/loss/value 1.3 / train/loss/repval 1.4 / train/opt/loss 4.1 / train/opt/lr 0.0 / train/opt/grad_scale 32768.0 / train/opt/updates 6250.0 / fps/fps 50.8
[200091] episode/score 0.0 / episode/length 360.0
[200451] episode/score 0.0 / episode/length 360.0
[200811] episode/score 0.0 / episode/length 360.0
[201171] episode/score 0.0 / episode/length 360.0
[201374] episode/score 0.5 / episode/length 203.0
[201734] episode/score 0.0 / episode/length 360.0
[202094] episode/score 0.0 / episode/length 360.0
[202454] episode/score 0.0 / episode/length 360.0
[202814] episode/score 0.0 / episode/length 360.0
[203174] episode/score 0.0 / episode/length 360.0
[203534] episode/score 0.0 / episode/length 360.0
[203894] episode/score 0.0 / episode/length 360.0
[204254] episode/score 0.0 / episode/length 360.0
[204614] episode/score 0.0 / episode/length 360.0
[204974] episode/score 0.0 / episode/length 360.0
[205066] train/ndnf_delta 0.1 / train/dyn_entropy 5.2 / train/rep_entropy 3.1 / train/ret 0.0 / train/ret_005 0.5 / train/ret_095 0.6 / train/adv -0.0 / train/adv_std 0.0 / train/con 1.0 / train/rew 0.0 / train/val 0.5 / train/tar 0.5 / train/slowval 0.5 / train/weight 1.0 / train/action_entropy 0.9 / train/action_mean 0.1 / train/action_std 0.3 / train/action_min 0.0 / train/action_max 1.0 / train/ret_replay_mean 0.5 / train/ret_replay_std 0.0 / train/ret_replay_min 0.4 / train/ret_replay_max 0.5 / train/value_replay_mean 0.5 / train/value_replay_std 0.0 / train/value_replay_min 0.5 / train/value_replay_max 0.6 / train/slow_value_replay_mean 0.5 / train/slow_value_replay_std 0.0 / train/slow_value_replay_min 0.5 / train/slow_value_replay_max 0.6 / train/loss/dyn 1.1 / train/loss/rep 1.1 / train/loss/ground 0.0 / train/loss/ndnf_aux 0.6 / train/loss/symbolic 0.7 / train/loss/rew 0.0 / train/loss/con 0.0 / train/loss/policy -0.0 / train/loss/value 1.3 / train/loss/repval 1.3 / train/opt/loss 3.6 / train/opt/lr 0.0 / train/opt/grad_scale 32768.0 / train/opt/updates 6407.0 / fps/fps 51.5
[205334] episode/score 0.0 / episode/length 360.0
[205694] episode/score 0.0 / episode/length 360.0
[206054] episode/score 0.0 / episode/length 360.0
[206414] episode/score 0.0 / episode/length 360.0
[206602] episode/score 0.5 / episode/length 188.0
[206883] episode/score 0.3 / episode/length 281.0
[207243] episode/score 0.0 / episode/length 360.0
[207603] episode/score 0.0 / episode/length 360.0
[207839] episode/score 0.4 / episode/length 236.0
[208199] episode/score 0.0 / episode/length 360.0
[208559] episode/score 0.0 / episode/length 360.0
[208919] episode/score 0.0 / episode/length 360.0
[209279] episode/score 0.0 / episode/length 360.0
[209639] episode/score 0.0 / episode/length 360.0
[209999] episode/score 0.0 / episode/length 360.0
Evaluating the policy...
[210000] episode/eval_score 0.0 / episode/eval_length 360.0
[210066] train/ndnf_delta 0.1 / train/dyn_entropy 4.9 / train/rep_entropy 2.8 / train/ret 0.0 / train/ret_005 0.5 / train/ret_095 0.5 / train/adv -0.0 / train/adv_std 0.0 / train/con 1.0 / train/rew 0.0 / train/val 0.5 / train/tar 0.5 / train/slowval 0.5 / train/weight 1.0 / train/action_entropy 0.9 / train/action_mean 0.1 / train/action_std 0.3 / train/action_min 0.0 / train/action_max 1.0 / train/ret_replay_mean 0.5 / train/ret_replay_std 0.1 / train/ret_replay_min 0.4 / train/ret_replay_max 1.0 / train/value_replay_mean 0.5 / train/value_replay_std 0.0 / train/value_replay_min 0.5 / train/value_replay_max 0.6 / train/slow_value_replay_mean 0.5 / train/slow_value_replay_std 0.0 / train/slow_value_replay_min 0.5 / train/slow_value_replay_max 0.6 / train/loss/dyn 1.3 / train/loss/rep 1.3 / train/loss/ground 0.0 / train/loss/ndnf_aux 0.6 / train/loss/symbolic 0.5 / train/loss/rew 0.0 / train/loss/con 0.0 / train/loss/policy -0.0 / train/loss/value 1.3 / train/loss/repval 1.5 / train/opt/loss 3.8 / train/opt/lr 0.0 / train/opt/grad_scale 32768.0 / train/opt/updates 6563.0 / fps/fps 50.6
[210359] episode/score 0.0 / episode/length 360.0
[210719] episode/score 0.0 / episode/length 360.0
[211079] episode/score 0.0 / episode/length 360.0
[211439] episode/score 0.0 / episode/length 360.0
[211799] episode/score 0.0 / episode/length 360.0
[212159] episode/score 0.0 / episode/length 360.0
[212519] episode/score 0.0 / episode/length 360.0
[212879] episode/score 0.0 / episode/length 360.0
[213239] episode/score 0.0 / episode/length 360.0
[213599] episode/score 0.0 / episode/length 360.0
[213959] episode/score 0.0 / episode/length 360.0
[214319] episode/score 0.0 / episode/length 360.0
[214679] episode/score 0.0 / episode/length 360.0
[215039] episode/score 0.0 / episode/length 360.0
[215066] train/ndnf_delta 0.1 / train/dyn_entropy 4.9 / train/rep_entropy 2.8 / train/ret 0.0 / train/ret_005 0.4 / train/ret_095 0.5 / train/adv -0.0 / train/adv_std 0.0 / train/con 1.0 / train/rew 0.0 / train/val 0.5 / train/tar 0.5 / train/slowval 0.5 / train/weight 1.0 / train/action_entropy 0.9 / train/action_mean 0.1 / train/action_std 0.3 / train/action_min 0.0 / train/action_max 1.0 / train/ret_replay_mean 0.5 / train/ret_replay_std 0.1 / train/ret_replay_min 0.4 / train/ret_replay_max 1.0 / train/value_replay_mean 0.5 / train/value_replay_std 0.0 / train/value_replay_min 0.4 / train/value_replay_max 0.7 / train/slow_value_replay_mean 0.5 / train/slow_value_replay_std 0.0 / train/slow_value_replay_min 0.4 / train/slow_value_replay_max 0.6 / train/loss/dyn 1.2 / train/loss/rep 1.2 / train/loss/ground 0.0 / train/loss/ndnf_aux 0.6 / train/loss/symbolic 0.6 / train/loss/rew 0.0 / train/loss/con 0.0 / train/loss/policy -0.0 / train/loss/value 1.3 / train/loss/repval 1.4 / train/opt/loss 3.8 / train/opt/lr 0.0 / train/opt/grad_scale 32768.0 / train/opt/updates 6719.0 / fps/fps 52.0
[215399] episode/score 0.0 / episode/length 360.0
[215759] episode/score 0.0 / episode/length 360.0
[216119] episode/score 0.0 / episode/length 360.0
[216479] episode/score 0.0 / episode/length 360.0
[216839] episode/score 0.0 / episode/length 360.0
[217199] episode/score 0.0 / episode/length 360.0
[217559] episode/score 0.0 / episode/length 360.0
[217919] episode/score 0.0 / episode/length 360.0
[218279] episode/score 0.0 / episode/length 360.0
[218639] episode/score 0.0 / episode/length 360.0
[218999] episode/score 0.0 / episode/length 360.0
[219359] episode/score 0.0 / episode/length 360.0
[219719] episode/score 0.0 / episode/length 360.0
Evaluating the policy...
[220000] episode/eval_score 0.0 / episode/eval_length 360.0
[220066] train/ndnf_delta 0.1 / train/dyn_entropy 5.0 / train/rep_entropy 2.8 / train/ret 0.0 / train/ret_005 0.4 / train/ret_095 0.5 / train/adv -0.0 / train/adv_std 0.0 / train/con 1.0 / train/rew 0.0 / train/val 0.5 / train/tar 0.5 / train/slowval 0.5 / train/weight 1.0 / train/action_entropy 0.8 / train/action_mean 0.1 / train/action_std 0.3 / train/action_min 0.0 / train/action_max 1.0 / train/ret_replay_mean 0.5 / train/ret_replay_std 0.2 / train/ret_replay_min 0.4 / train/ret_replay_max 1.0 / train/value_replay_mean 0.5 / train/value_replay_std 0.0 / train/value_replay_min 0.4 / train/value_replay_max 0.7 / train/slow_value_replay_mean 0.5 / train/slow_value_replay_std 0.0 / train/slow_value_replay_min 0.4 / train/slow_value_replay_max 0.7 / train/loss/dyn 1.6 / train/loss/rep 1.6 / train/loss/ground 0.1 / train/loss/ndnf_aux 0.6 / train/loss/symbolic 0.8 / train/loss/rew 0.0 / train/loss/con 0.0 / train/loss/policy -0.0 / train/loss/value 1.3 / train/loss/repval 1.8 / train/opt/loss 4.5 / train/opt/lr 0.0 / train/opt/grad_scale 32768.0 / train/opt/updates 6875.0 / fps/fps 50.4
[220079] episode/score 0.0 / episode/length 360.0
[220439] episode/score 0.0 / episode/length 360.0
[220799] episode/score 0.0 / episode/length 360.0
[221159] episode/score 0.0 / episode/length 360.0
[221519] episode/score 0.0 / episode/length 360.0
[221879] episode/score 0.0 / episode/length 360.0
[222239] episode/score 0.0 / episode/length 360.0
[222599] episode/score 0.0 / episode/length 360.0
[222959] episode/score 0.0 / episode/length 360.0
[223319] episode/score 0.0 / episode/length 360.0
[223679] episode/score 0.0 / episode/length 360.0
[224039] episode/score 0.0 / episode/length 360.0
[224399] episode/score 0.0 / episode/length 360.0
[224759] episode/score 0.0 / episode/length 360.0
[225066] train/ndnf_delta 0.1 / train/dyn_entropy 4.9 / train/rep_entropy 2.8 / train/ret 0.0 / train/ret_005 0.4 / train/ret_095 0.5 / train/adv -0.0 / train/adv_std 0.0 / train/con 1.0 / train/rew 0.0 / train/val 0.5 / train/tar 0.5 / train/slowval 0.5 / train/weight 1.0 / train/action_entropy 0.8 / train/action_mean 0.1 / train/action_std 0.3 / train/action_min 0.0 / train/action_max 1.0 / train/ret_replay_mean 0.5 / train/ret_replay_std 0.1 / train/ret_replay_min 0.4 / train/ret_replay_max 1.0 / train/value_replay_mean 0.5 / train/value_replay_std 0.0 / train/value_replay_min 0.4 / train/value_replay_max 0.6 / train/slow_value_replay_mean 0.5 / train/slow_value_replay_std 0.0 / train/slow_value_replay_min 0.4 / train/slow_value_replay_max 0.6 / train/loss/dyn 1.3 / train/loss/rep 1.3 / train/loss/ground 0.1 / train/loss/ndnf_aux 0.6 / train/loss/symbolic 0.9 / train/loss/rew 0.0 / train/loss/con 0.0 / train/loss/policy -0.0 / train/loss/value 1.3 / train/loss/repval 1.6 / train/opt/loss 4.2 / train/opt/lr 0.0 / train/opt/grad_scale 32768.0 / train/opt/updates 7032.0 / fps/fps 51.2
[225119] episode/score 0.0 / episode/length 360.0
[225479] episode/score 0.0 / episode/length 360.0
[225839] episode/score 0.0 / episode/length 360.0
[226199] episode/score 0.0 / episode/length 360.0
[226559] episode/score 0.0 / episode/length 360.0
[226919] episode/score 0.0 / episode/length 360.0
[227279] episode/score 0.0 / episode/length 360.0
[227639] episode/score 0.0 / episode/length 360.0
[227999] episode/score 0.0 / episode/length 360.0
[228359] episode/score 0.0 / episode/length 360.0
[228719] episode/score 0.0 / episode/length 360.0
[229079] episode/score 0.0 / episode/length 360.0
[229439] episode/score 0.0 / episode/length 360.0
[229799] episode/score 0.0 / episode/length 360.0
Evaluating the policy...
[230000] episode/eval_score 0.0 / episode/eval_length 360.0
[230066] train/ndnf_delta 0.1 / train/dyn_entropy 4.9 / train/rep_entropy 2.7 / train/ret 0.0 / train/ret_005 0.4 / train/ret_095 0.5 / train/adv -0.0 / train/adv_std 0.0 / train/con 1.0 / train/rew 0.0 / train/val 0.5 / train/tar 0.5 / train/slowval 0.5 / train/weight 1.0 / train/action_entropy 0.9 / train/action_mean 0.1 / train/action_std 0.3 / train/action_min 0.0 / train/action_max 1.0 / train/ret_replay_mean 0.5 / train/ret_replay_std 0.1 / train/ret_replay_min 0.4 / train/ret_replay_max 1.0 / train/value_replay_mean 0.5 / train/value_replay_std 0.0 / train/value_replay_min 0.4 / train/value_replay_max 0.6 / train/slow_value_replay_mean 0.5 / train/slow_value_replay_std 0.0 / train/slow_value_replay_min 0.4 / train/slow_value_replay_max 0.6 / train/loss/dyn 1.4 / train/loss/rep 1.4 / train/loss/ground 0.0 / train/loss/ndnf_aux 0.6 / train/loss/symbolic 0.7 / train/loss/rew 0.0 / train/loss/con 0.0 / train/loss/policy -0.0 / train/loss/value 1.3 / train/loss/repval 1.6 / train/opt/loss 4.1 / train/opt/lr 0.0 / train/opt/grad_scale 32768.0 / train/opt/updates 7188.0 / fps/fps 50.6
[230159] episode/score 0.0 / episode/length 360.0
[230519] episode/score 0.0 / episode/length 360.0
[230879] episode/score 0.0 / episode/length 360.0
[231239] episode/score 0.0 / episode/length 360.0
[231599] episode/score 0.0 / episode/length 360.0
[231959] episode/score 0.0 / episode/length 360.0
[232170] episode/score 0.5 / episode/length 211.0
[232530] episode/score 0.0 / episode/length 360.0
[232890] episode/score 0.0 / episode/length 360.0
[233250] episode/score 0.0 / episode/length 360.0
[233610] episode/score 0.0 / episode/length 360.0
[233970] episode/score 0.0 / episode/length 360.0
[234330] episode/score 0.0 / episode/length 360.0
[234690] episode/score 0.0 / episode/length 360.0
[235050] episode/score 0.0 / episode/length 360.0
[235066] train/ndnf_delta 0.1 / train/dyn_entropy 4.9 / train/rep_entropy 3.0 / train/ret 0.0 / train/ret_005 0.4 / train/ret_095 0.5 / train/adv 0.0 / train/adv_std 0.0 / train/con 1.0 / train/rew 0.0 / train/val 0.5 / train/tar 0.5 / train/slowval 0.5 / train/weight 1.0 / train/action_entropy 1.0 / train/action_mean 0.1 / train/action_std 0.3 / train/action_min 0.0 / train/action_max 1.0 / train/ret_replay_mean 0.5 / train/ret_replay_std 0.0 / train/ret_replay_min 0.4 / train/ret_replay_max 0.5 / train/value_replay_mean 0.5 / train/value_replay_std 0.0 / train/value_replay_min 0.4 / train/value_replay_max 0.6 / train/slow_value_replay_mean 0.5 / train/slow_value_replay_std 0.0 / train/slow_value_replay_min 0.4 / train/slow_value_replay_max 0.6 / train/loss/dyn 1.5 / train/loss/rep 1.5 / train/loss/ground 0.1 / train/loss/ndnf_aux 0.6 / train/loss/symbolic 0.7 / train/loss/rew 0.0 / train/loss/con 0.0 / train/loss/policy 0.0 / train/loss/value 1.3 / train/loss/repval 1.3 / train/opt/loss 4.1 / train/opt/lr 0.0 / train/opt/grad_scale 32768.0 / train/opt/updates 7344.0 / fps/fps 51.5
[235410] episode/score 0.0 / episode/length 360.0
[235770] episode/score 0.0 / episode/length 360.0
[236130] episode/score 0.0 / episode/length 360.0
[236490] episode/score 0.0 / episode/length 360.0
[236850] episode/score 0.0 / episode/length 360.0
[237210] episode/score 0.0 / episode/length 360.0
[237570] episode/score 0.0 / episode/length 360.0
[237930] episode/score 0.0 / episode/length 360.0
[238290] episode/score 0.0 / episode/length 360.0
[238650] episode/score 0.0 / episode/length 360.0
[239010] episode/score 0.0 / episode/length 360.0
[239370] episode/score 0.0 / episode/length 360.0
[239730] episode/score 0.0 / episode/length 360.0
Evaluating the policy...
[240000] episode/eval_score 0.0 / episode/eval_length 360.0
[240066] train/ndnf_delta 0.1 / train/dyn_entropy 4.9 / train/rep_entropy 2.7 / train/ret 0.0 / train/ret_005 0.4 / train/ret_095 0.5 / train/adv -0.0 / train/adv_std 0.0 / train/con 1.0 / train/rew 0.0 / train/val 0.5 / train/tar 0.5 / train/slowval 0.5 / train/weight 0.9 / train/action_entropy 0.8 / train/action_mean 0.1 / train/action_std 0.3 / train/action_min 0.0 / train/action_max 1.0 / train/ret_replay_mean 0.5 / train/ret_replay_std 0.1 / train/ret_replay_min 0.4 / train/ret_replay_max 1.0 / train/value_replay_mean 0.5 / train/value_replay_std 0.0 / train/value_replay_min 0.4 / train/value_replay_max 0.7 / train/slow_value_replay_mean 0.5 / train/slow_value_replay_std 0.0 / train/slow_value_replay_min 0.4 / train/slow_value_replay_max 0.7 / train/loss/dyn 1.5 / train/loss/rep 1.5 / train/loss/ground 0.1 / train/loss/ndnf_aux 0.6 / train/loss/symbolic 0.8 / train/loss/rew 0.0 / train/loss/con 0.0 / train/loss/policy -0.0 / train/loss/value 1.3 / train/loss/repval 1.7 / train/opt/loss 4.3 / train/opt/lr 0.0 / train/opt/grad_scale 32768.0 / train/opt/updates 7500.0 / fps/fps 50.7
[240090] episode/score 0.0 / episode/length 360.0
[240450] episode/score 0.0 / episode/length 360.0
[240810] episode/score 0.0 / episode/length 360.0
[241170] episode/score 0.0 / episode/length 360.0
[241530] episode/score 0.0 / episode/length 360.0
[241890] episode/score 0.0 / episode/length 360.0
[242250] episode/score 0.0 / episode/length 360.0
[242610] episode/score 0.0 / episode/length 360.0
[242970] episode/score 0.0 / episode/length 360.0
[243330] episode/score 0.0 / episode/length 360.0
[243690] episode/score 0.0 / episode/length 360.0
[243953] episode/score 0.3 / episode/length 263.0
[244313] episode/score 0.0 / episode/length 360.0
[244673] episode/score 0.0 / episode/length 360.0
[245033] episode/score 0.0 / episode/length 360.0
[245066] train/ndnf_delta 0.1 / train/dyn_entropy 4.8 / train/rep_entropy 2.6 / train/ret 0.0 / train/ret_005 0.4 / train/ret_095 0.5 / train/adv -0.0 / train/adv_std 0.0 / train/con 1.0 / train/rew 0.0 / train/val 0.5 / train/tar 0.5 / train/slowval 0.5 / train/weight 1.0 / train/action_entropy 0.8 / train/action_mean 0.1 / train/action_std 0.3 / train/action_min 0.0 / train/action_max 1.0 / train/ret_replay_mean 0.5 / train/ret_replay_std 0.1 / train/ret_replay_min 0.4 / train/ret_replay_max 1.0 / train/value_replay_mean 0.5 / train/value_replay_std 0.0 / train/value_replay_min 0.4 / train/value_replay_max 0.6 / train/slow_value_replay_mean 0.5 / train/slow_value_replay_std 0.0 / train/slow_value_replay_min 0.4 / train/slow_value_replay_max 0.6 / train/loss/dyn 1.3 / train/loss/rep 1.3 / train/loss/ground 0.0 / train/loss/ndnf_aux 0.6 / train/loss/symbolic 0.8 / train/loss/rew 0.0 / train/loss/con 0.0 / train/loss/policy -0.0 / train/loss/value 1.3 / train/loss/repval 1.5 / train/opt/loss 4.0 / train/opt/lr 0.0 / train/opt/grad_scale 32768.0 / train/opt/updates 7657.0 / fps/fps 51.9
[245393] episode/score 0.0 / episode/length 360.0
[245753] episode/score 0.0 / episode/length 360.0
[246113] episode/score 0.0 / episode/length 360.0
[246473] episode/score 0.0 / episode/length 360.0
[246833] episode/score 0.0 / episode/length 360.0
[246919] episode/score 0.8 / episode/length 86.0
[247279] episode/score 0.0 / episode/length 360.0
[247639] episode/score 0.0 / episode/length 360.0
[247999] episode/score 0.0 / episode/length 360.0
[248359] episode/score 0.0 / episode/length 360.0
[248719] episode/score 0.0 / episode/length 360.0
[249079] episode/score 0.0 / episode/length 360.0
[249439] episode/score 0.0 / episode/length 360.0
[249799] episode/score 0.0 / episode/length 360.0
Evaluating the policy...
[250000] episode/eval_score 0.0 / episode/eval_length 360.0
[250066] train/ndnf_delta 0.1 / train/dyn_entropy 4.4 / train/rep_entropy 2.0 / train/ret 0.0 / train/ret_005 0.4 / train/ret_095 0.5 / train/adv -0.0 / train/adv_std 0.0 / train/con 1.0 / train/rew 0.0 / train/val 0.5 / train/tar 0.5 / train/slowval 0.5 / train/weight 1.0 / train/action_entropy 0.9 / train/action_mean 0.1 / train/action_std 0.3 / train/action_min 0.0 / train/action_max 1.0 / train/ret_replay_mean 0.5 / train/ret_replay_std 0.1 / train/ret_replay_min 0.4 / train/ret_replay_max 1.0 / train/value_replay_mean 0.5 / train/value_replay_std 0.0 / train/value_replay_min 0.4 / train/value_replay_max 0.6 / train/slow_value_replay_mean 0.5 / train/slow_value_replay_std 0.0 / train/slow_value_replay_min 0.4 / train/slow_value_replay_max 0.6 / train/loss/dyn 1.3 / train/loss/rep 1.3 / train/loss/ground 0.0 / train/loss/ndnf_aux 0.6 / train/loss/symbolic 0.6 / train/loss/rew 0.0 / train/loss/con 0.0 / train/loss/policy 0.0 / train/loss/value 1.3 / train/loss/repval 1.5 / train/opt/loss 3.8 / train/opt/lr 0.0 / train/opt/grad_scale 32768.0 / train/opt/updates 7813.0 / fps/fps 50.0
[250159] episode/score 0.0 / episode/length 360.0
[250366] episode/score 0.5 / episode/length 207.0
[250726] episode/score 0.0 / episode/length 360.0
[251086] episode/score 0.0 / episode/length 360.0
[251446] episode/score 0.0 / episode/length 360.0
[251806] episode/score 0.0 / episode/length 360.0
[252166] episode/score 0.0 / episode/length 360.0
[252526] episode/score 0.0 / episode/length 360.0
[252886] episode/score 0.0 / episode/length 360.0
[253246] episode/score 0.0 / episode/length 360.0
[253606] episode/score 0.0 / episode/length 360.0
[253966] episode/score 0.0 / episode/length 360.0
[254326] episode/score 0.0 / episode/length 360.0
[254686] episode/score 0.0 / episode/length 360.0
[255046] episode/score 0.0 / episode/length 360.0
[255066] train/ndnf_delta 0.1 / train/dyn_entropy 5.1 / train/rep_entropy 3.0 / train/ret 0.0 / train/ret_005 0.4 / train/ret_095 0.5 / train/adv -0.0 / train/adv_std 0.0 / train/con 1.0 / train/rew 0.0 / train/val 0.5 / train/tar 0.5 / train/slowval 0.5 / train/weight 1.0 / train/action_entropy 0.9 / train/action_mean 0.1 / train/action_std 0.3 / train/action_min 0.0 / train/action_max 1.0 / train/ret_replay_mean 0.5 / train/ret_replay_std 0.1 / train/ret_replay_min 0.4 / train/ret_replay_max 1.0 / train/value_replay_mean 0.5 / train/value_replay_std 0.0 / train/value_replay_min 0.4 / train/value_replay_max 0.7 / train/slow_value_replay_mean 0.5 / train/slow_value_replay_std 0.0 / train/slow_value_replay_min 0.4 / train/slow_value_replay_max 0.7 / train/loss/dyn 1.3 / train/loss/rep 1.3 / train/loss/ground 0.1 / train/loss/ndnf_aux 0.6 / train/loss/symbolic 0.9 / train/loss/rew 0.0 / train/loss/con 0.0 / train/loss/policy -0.0 / train/loss/value 1.3 / train/loss/repval 1.4 / train/opt/loss 4.2 / train/opt/lr 0.0 / train/opt/grad_scale 32768.0 / train/opt/updates 7969.0 / fps/fps 51.9
[255406] episode/score 0.0 / episode/length 360.0
[255766] episode/score 0.0 / episode/length 360.0
[255990] episode/score 0.4 / episode/length 224.0
[256350] episode/score 0.0 / episode/length 360.0
[256710] episode/score 0.0 / episode/length 360.0
[256815] episode/score 0.7 / episode/length 105.0
[257175] episode/score 0.0 / episode/length 360.0
[257390] episode/score 0.5 / episode/length 215.0
[257750] episode/score 0.0 / episode/length 360.0
[258110] episode/score 0.0 / episode/length 360.0
[258470] episode/score 0.0 / episode/length 360.0
[258830] episode/score 0.0 / episode/length 360.0
[259190] episode/score 0.0 / episode/length 360.0
[259279] episode/score 0.8 / episode/length 89.0
[259331] episode/score 0.9 / episode/length 52.0
[259436] episode/score 0.7 / episode/length 105.0
[259796] episode/score 0.0 / episode/length 360.0
Evaluating the policy...
[260000] episode/eval_score 0.0 / episode/eval_length 360.0
[260066] train/ndnf_delta 0.1 / train/dyn_entropy 4.7 / train/rep_entropy 2.5 / train/ret 0.0 / train/ret_005 0.4 / train/ret_095 0.5 / train/adv -0.0 / train/adv_std 0.0 / train/con 1.0 / train/rew 0.0 / train/val 0.5 / train/tar 0.5 / train/slowval 0.5 / train/weight 1.0 / train/action_entropy 1.1 / train/action_mean 0.1 / train/action_std 0.3 / train/action_min 0.0 / train/action_max 1.0 / train/ret_replay_mean 0.5 / train/ret_replay_std 0.1 / train/ret_replay_min 0.4 / train/ret_replay_max 1.0 / train/value_replay_mean 0.5 / train/value_replay_std 0.0 / train/value_replay_min 0.4 / train/value_replay_max 0.7 / train/slow_value_replay_mean 0.5 / train/slow_value_replay_std 0.0 / train/slow_value_replay_min 0.4 / train/slow_value_replay_max 0.7 / train/loss/dyn 1.3 / train/loss/rep 1.3 / train/loss/ground 0.0 / train/loss/ndnf_aux 0.6 / train/loss/symbolic 0.7 / train/loss/rew 0.0 / train/loss/con 0.0 / train/loss/policy -0.0 / train/loss/value 1.3 / train/loss/repval 1.4 / train/opt/loss 3.9 / train/opt/lr 0.0 / train/opt/grad_scale 65536.0 / train/opt/updates 8125.0 / fps/fps 50.3
[260156] episode/score 0.0 / episode/length 360.0
[260296] episode/score 0.6 / episode/length 140.0
[260516] episode/score 0.4 / episode/length 220.0
[260842] episode/score 0.2 / episode/length 326.0
[261202] episode/score 0.0 / episode/length 360.0
[261562] episode/score 0.0 / episode/length 360.0
[261922] episode/score 0.0 / episode/length 360.0
[262200] episode/score 0.3 / episode/length 278.0
[262536] episode/score 0.2 / episode/length 336.0
[262696] episode/score 0.6 / episode/length 160.0
[263056] episode/score 0.0 / episode/length 360.0
[263416] episode/score 0.0 / episode/length 360.0
[263776] episode/score 0.0 / episode/length 360.0
[264136] episode/score 0.0 / episode/length 360.0
[264496] episode/score 0.0 / episode/length 360.0
[264856] episode/score 0.0 / episode/length 360.0
[265066] train/ndnf_delta 0.1 / train/dyn_entropy 4.7 / train/rep_entropy 2.4 / train/ret 0.0 / train/ret_005 0.4 / train/ret_095 0.5 / train/adv -0.0 / train/adv_std 0.0 / train/con 1.0 / train/rew 0.0 / train/val 0.5 / train/tar 0.5 / train/slowval 0.5 / train/weight 1.0 / train/action_entropy 1.1 / train/action_mean 0.1 / train/action_std 0.3 / train/action_min 0.0 / train/action_max 1.0 / train/ret_replay_mean 0.4 / train/ret_replay_std 0.0 / train/ret_replay_min 0.4 / train/ret_replay_max 0.5 / train/value_replay_mean 0.5 / train/value_replay_std 0.0 / train/value_replay_min 0.4 / train/value_replay_max 0.7 / train/slow_value_replay_mean 0.5 / train/slow_value_replay_std 0.0 / train/slow_value_replay_min 0.4 / train/slow_value_replay_max 0.7 / train/loss/dyn 1.2 / train/loss/rep 1.2 / train/loss/ground 0.1 / train/loss/ndnf_aux 0.6 / train/loss/symbolic 0.6 / train/loss/rew 0.0 / train/loss/con 0.0 / train/loss/policy -0.0 / train/loss/value 1.3 / train/loss/repval 1.3 / train/opt/loss 3.7 / train/opt/lr 0.0 / train/opt/grad_scale 65536.0 / train/opt/updates 8282.0 / fps/fps 51.4
[265216] episode/score 0.0 / episode/length 360.0
[265271] episode/score 0.9 / episode/length 55.0
[265631] episode/score 0.0 / episode/length 360.0
[265827] episode/score 0.5 / episode/length 196.0
[266187] episode/score 0.0 / episode/length 360.0
[266547] episode/score 0.0 / episode/length 360.0
[266907] episode/score 0.0 / episode/length 360.0
[267267] episode/score 0.0 / episode/length 360.0
[267627] episode/score 0.0 / episode/length 360.0
[267987] episode/score 0.0 / episode/length 360.0
[268347] episode/score 0.0 / episode/length 360.0
[268707] episode/score 0.0 / episode/length 360.0
[269067] episode/score 0.0 / episode/length 360.0
[269427] episode/score 0.0 / episode/length 360.0
[269787] episode/score 0.0 / episode/length 360.0
Evaluating the policy...
[270000] episode/eval_score 0.0 / episode/eval_length 360.0
[270066] train/ndnf_delta 0.1 / train/dyn_entropy 4.6 / train/rep_entropy 2.4 / train/ret 0.0 / train/ret_005 0.4 / train/ret_095 0.5 / train/adv -0.0 / train/adv_std 0.0 / train/con 1.0 / train/rew 0.0 / train/val 0.5 / train/tar 0.4 / train/slowval 0.5 / train/weight 1.0 / train/action_entropy 1.2 / train/action_mean 0.1 / train/action_std 0.3 / train/action_min 0.0 / train/action_max 1.0 / train/ret_replay_mean 0.5 / train/ret_replay_std 0.1 / train/ret_replay_min 0.4 / train/ret_replay_max 1.0 / train/value_replay_mean 0.5 / train/value_replay_std 0.0 / train/value_replay_min 0.4 / train/value_replay_max 0.8 / train/slow_value_replay_mean 0.5 / train/slow_value_replay_std 0.0 / train/slow_value_replay_min 0.4 / train/slow_value_replay_max 0.8 / train/loss/dyn 1.5 / train/loss/rep 1.5 / train/loss/ground 0.0 / train/loss/ndnf_aux 0.6 / train/loss/symbolic 0.7 / train/loss/rew 0.0 / train/loss/con 0.0 / train/loss/policy -0.0 / train/loss/value 1.2 / train/loss/repval 1.4 / train/opt/loss 4.1 / train/opt/lr 0.0 / train/opt/grad_scale 65536.0 / train/opt/updates 8438.0 / fps/fps 50.2
[270131] episode/score 0.1 / episode/length 344.0
[270491] episode/score 0.0 / episode/length 360.0
[270734] episode/score 0.4 / episode/length 243.0
[271094] episode/score 0.0 / episode/length 360.0
[271454] episode/score 0.0 / episode/length 360.0
[271814] episode/score 0.0 / episode/length 360.0
[272174] episode/score 0.0 / episode/length 360.0
[272227] episode/score 0.9 / episode/length 53.0
[272587] episode/score 0.0 / episode/length 360.0
[272914] episode/score 0.2 / episode/length 327.0
[273274] episode/score 0.0 / episode/length 360.0
[273634] episode/score 0.0 / episode/length 360.0
[273994] episode/score 0.0 / episode/length 360.0
[274354] episode/score 0.0 / episode/length 360.0
[274674] episode/score 0.2 / episode/length 320.0
[274729] episode/score 0.9 / episode/length 55.0
[275066] train/ndnf_delta 0.1 / train/dyn_entropy 4.7 / train/rep_entropy 2.4 / train/ret 0.0 / train/ret_005 0.4 / train/ret_095 0.5 / train/adv -0.0 / train/adv_std 0.0 / train/con 1.0 / train/rew 0.0 / train/val 0.4 / train/tar 0.4 / train/slowval 0.4 / train/weight 1.0 / train/action_entropy 1.1 / train/action_mean 0.1 / train/action_std 0.3 / train/action_min 0.0 / train/action_max 1.0 / train/ret_replay_mean 0.5 / train/ret_replay_std 0.1 / train/ret_replay_min 0.4 / train/ret_replay_max 1.0 / train/value_replay_mean 0.4 / train/value_replay_std 0.0 / train/value_replay_min 0.4 / train/value_replay_max 0.8 / train/slow_value_replay_mean 0.4 / train/slow_value_replay_std 0.0 / train/slow_value_replay_min 0.4 / train/slow_value_replay_max 0.7 / train/loss/dyn 1.5 / train/loss/rep 1.5 / train/loss/ground 0.1 / train/loss/ndnf_aux 0.7 / train/loss/symbolic 0.7 / train/loss/rew 0.0 / train/loss/con 0.0 / train/loss/policy -0.0 / train/loss/value 1.2 / train/loss/repval 1.4 / train/opt/loss 4.0 / train/opt/lr 0.0 / train/opt/grad_scale 65536.0 / train/opt/updates 8594.0 / fps/fps 51.7
[275089] episode/score 0.0 / episode/length 360.0
[275449] episode/score 0.0 / episode/length 360.0
[275754] episode/score 0.2 / episode/length 305.0
[276114] episode/score 0.0 / episode/length 360.0
[276474] episode/score 0.0 / episode/length 360.0
[276834] episode/score 0.0 / episode/length 360.0
[277194] episode/score 0.0 / episode/length 360.0
[277554] episode/score 0.0 / episode/length 360.0
[277739] episode/score 0.5 / episode/length 185.0
[278099] episode/score 0.0 / episode/length 360.0
[278459] episode/score 0.0 / episode/length 360.0
[278819] episode/score 0.0 / episode/length 360.0
[279179] episode/score 0.0 / episode/length 360.0
[279539] episode/score 0.0 / episode/length 360.0
[279866] episode/score 0.2 / episode/length 327.0
Evaluating the policy...
[280000] episode/eval_score 0.0 / episode/eval_length 360.0
[280066] train/ndnf_delta 0.1 / train/dyn_entropy 4.6 / train/rep_entropy 2.5 / train/ret 0.0 / train/ret_005 0.4 / train/ret_095 0.5 / train/adv -0.0 / train/adv_std 0.0 / train/con 1.0 / train/rew 0.0 / train/val 0.4 / train/tar 0.4 / train/slowval 0.4 / train/weight 1.0 / train/action_entropy 1.1 / train/action_mean 0.1 / train/action_std 0.3 / train/action_min 0.0 / train/action_max 1.0 / train/ret_replay_mean 0.4 / train/ret_replay_std 0.1 / train/ret_replay_min 0.4 / train/ret_replay_max 1.0 / train/value_replay_mean 0.4 / train/value_replay_std 0.0 / train/value_replay_min 0.4 / train/value_replay_max 0.8 / train/slow_value_replay_mean 0.4 / train/slow_value_replay_std 0.0 / train/slow_value_replay_min 0.4 / train/slow_value_replay_max 0.8 / train/loss/dyn 1.3 / train/loss/rep 1.3 / train/loss/ground 0.1 / train/loss/ndnf_aux 0.7 / train/loss/symbolic 0.8 / train/loss/rew 0.0 / train/loss/con 0.0 / train/loss/policy -0.0 / train/loss/value 1.1 / train/loss/repval 1.1 / train/opt/loss 3.7 / train/opt/lr 0.0 / train/opt/grad_scale 65536.0 / train/opt/updates 8750.0 / fps/fps 49.8
[280226] episode/score 0.0 / episode/length 360.0
[280586] episode/score 0.0 / episode/length 360.0
[280946] episode/score 0.0 / episode/length 360.0
[281306] episode/score 0.0 / episode/length 360.0
[281666] episode/score 0.0 / episode/length 360.0
[281951] episode/score 0.3 / episode/length 285.0
[282311] episode/score 0.0 / episode/length 360.0
[282671] episode/score 0.0 / episode/length 360.0
[283031] episode/score 0.0 / episode/length 360.0
[283391] episode/score 0.0 / episode/length 360.0
[283751] episode/score 0.0 / episode/length 360.0
[283963] episode/score 0.5 / episode/length 212.0
[284323] episode/score 0.0 / episode/length 360.0
[284683] episode/score 0.0 / episode/length 360.0
[284906] episode/score 0.4 / episode/length 223.0
[285066] train/ndnf_delta 0.1 / train/dyn_entropy 4.5 / train/rep_entropy 2.4 / train/ret 0.0 / train/ret_005 0.4 / train/ret_095 0.5 / train/adv -0.0 / train/adv_std 0.0 / train/con 1.0 / train/rew 0.0 / train/val 0.4 / train/tar 0.4 / train/slowval 0.4 / train/weight 1.0 / train/action_entropy 1.1 / train/action_mean 0.1 / train/action_std 0.3 / train/action_min 0.0 / train/action_max 1.0 / train/ret_replay_mean 0.4 / train/ret_replay_std 0.1 / train/ret_replay_min 0.4 / train/ret_replay_max 1.0 / train/value_replay_mean 0.4 / train/value_replay_std 0.0 / train/value_replay_min 0.4 / train/value_replay_max 0.8 / train/slow_value_replay_mean 0.4 / train/slow_value_replay_std 0.0 / train/slow_value_replay_min 0.4 / train/slow_value_replay_max 0.8 / train/loss/dyn 1.5 / train/loss/rep 1.5 / train/loss/ground 0.0 / train/loss/ndnf_aux 0.7 / train/loss/symbolic 0.7 / train/loss/rew 0.0 / train/loss/con 0.0 / train/loss/policy -0.0 / train/loss/value 1.1 / train/loss/repval 1.0 / train/opt/loss 3.8 / train/opt/lr 0.0 / train/opt/grad_scale 65536.0 / train/opt/updates 8907.0 / fps/fps 51.3
[285250] episode/score 0.1 / episode/length 344.0
[285610] episode/score 0.0 / episode/length 360.0
[285719] episode/score 0.7 / episode/length 109.0
[286015] episode/score 0.3 / episode/length 296.0
[286375] episode/score 0.0 / episode/length 360.0
[286735] episode/score 0.0 / episode/length 360.0
[286814] episode/score 0.8 / episode/length 79.0
[287174] episode/score 0.0 / episode/length 360.0
[287534] episode/score 0.0 / episode/length 360.0
[287894] episode/score 0.0 / episode/length 360.0
[288254] episode/score 0.0 / episode/length 360.0
[288614] episode/score 0.0 / episode/length 360.0
[288974] episode/score 0.0 / episode/length 360.0
[289334] episode/score 0.0 / episode/length 360.0
[289694] episode/score 0.0 / episode/length 360.0
[289904] episode/score 0.5 / episode/length 210.0
Evaluating the policy...
[290000] episode/eval_score 0.0 / episode/eval_length 360.0
[290066] train/ndnf_delta 0.1 / train/dyn_entropy 4.6 / train/rep_entropy 2.5 / train/ret 0.0 / train/ret_005 0.4 / train/ret_095 0.5 / train/adv -0.0 / train/adv_std 0.0 / train/con 1.0 / train/rew 0.0 / train/val 0.4 / train/tar 0.4 / train/slowval 0.4 / train/weight 1.0 / train/action_entropy 1.1 / train/action_mean 0.1 / train/action_std 0.3 / train/action_min 0.0 / train/action_max 1.0 / train/ret_replay_mean 0.4 / train/ret_replay_std 0.0 / train/ret_replay_min 0.4 / train/ret_replay_max 0.5 / train/value_replay_mean 0.4 / train/value_replay_std 0.0 / train/value_replay_min 0.4 / train/value_replay_max 0.5 / train/slow_value_replay_mean 0.4 / train/slow_value_replay_std 0.0 / train/slow_value_replay_min 0.4 / train/slow_value_replay_max 0.5 / train/loss/dyn 1.2 / train/loss/rep 1.2 / train/loss/ground 0.1 / train/loss/ndnf_aux 0.7 / train/loss/symbolic 0.8 / train/loss/rew 0.0 / train/loss/con 0.0 / train/loss/policy -0.0 / train/loss/value 1.0 / train/loss/repval 0.8 / train/opt/loss 3.5 / train/opt/lr 0.0 / train/opt/grad_scale 65536.0 / train/opt/updates 9063.0 / fps/fps 50.6
[290264] episode/score 0.0 / episode/length 360.0
[290624] episode/score 0.0 / episode/length 360.0
[290984] episode/score 0.0 / episode/length 360.0
[291344] episode/score 0.0 / episode/length 360.0
[291704] episode/score 0.0 / episode/length 360.0
[292064] episode/score 0.0 / episode/length 360.0
[292424] episode/score 0.0 / episode/length 360.0
[292784] episode/score 0.0 / episode/length 360.0
[293144] episode/score 0.0 / episode/length 360.0
[293504] episode/score 0.0 / episode/length 360.0
[293864] episode/score 0.0 / episode/length 360.0
[294224] episode/score 0.0 / episode/length 360.0
[294584] episode/score 0.0 / episode/length 360.0
[294944] episode/score 0.0 / episode/length 360.0
[295066] train/ndnf_delta 0.1 / train/dyn_entropy 4.5 / train/rep_entropy 2.3 / train/ret 0.0 / train/ret_005 0.4 / train/ret_095 0.5 / train/adv -0.0 / train/adv_std 0.0 / train/con 1.0 / train/rew 0.0 / train/val 0.4 / train/tar 0.4 / train/slowval 0.4 / train/weight 1.0 / train/action_entropy 1.0 / train/action_mean 0.1 / train/action_std 0.3 / train/action_min 0.0 / train/action_max 1.0 / train/ret_replay_mean 0.4 / train/ret_replay_std 0.1 / train/ret_replay_min 0.4 / train/ret_replay_max 1.0 / train/value_replay_mean 0.4 / train/value_replay_std 0.0 / train/value_replay_min 0.4 / train/value_replay_max 0.8 / train/slow_value_replay_mean 0.4 / train/slow_value_replay_std 0.1 / train/slow_value_replay_min 0.4 / train/slow_value_replay_max 0.8 / train/loss/dyn 1.4 / train/loss/rep 1.4 / train/loss/ground 0.0 / train/loss/ndnf_aux 0.7 / train/loss/symbolic 0.8 / train/loss/rew 0.0 / train/loss/con 0.0 / train/loss/policy -0.0 / train/loss/value 0.9 / train/loss/repval 1.1 / train/opt/loss 3.6 / train/opt/lr 0.0 / train/opt/grad_scale 65536.0 / train/opt/updates 9219.0 / fps/fps 51.8
[295304] episode/score 0.0 / episode/length 360.0
[295664] episode/score 0.0 / episode/length 360.0
[296024] episode/score 0.0 / episode/length 360.0
[296384] episode/score 0.0 / episode/length 360.0
[296744] episode/score 0.0 / episode/length 360.0
[296977] episode/score 0.4 / episode/length 233.0
[297337] episode/score 0.0 / episode/length 360.0
[297697] episode/score 0.0 / episode/length 360.0
[298057] episode/score 0.0 / episode/length 360.0
[298417] episode/score 0.0 / episode/length 360.0
[298777] episode/score 0.0 / episode/length 360.0
[299137] episode/score 0.0 / episode/length 360.0
[299497] episode/score 0.0 / episode/length 360.0
[299857] episode/score 0.0 / episode/length 360.0
